Row_index,Split
3064,fit
3518,fit
14563,fit
8281,fit
7090,fit
3297,fit
13549,fit
1428,fit
5338,fit
10842,fit
2554,fit
14551,fit
9372,fit
8337,fit
11127,fit
6873,fit
6633,fit
2947,fit
13994,fit
1337,fit
3499,fit
6841,fit
13065,fit
4813,fit
5263,fit
4414,fit
11414,fit
5804,fit
8058,fit
2282,fit
11199,fit
10381,fit
8102,fit
3437,fit
12134,fit
6419,fit
6269,fit
9293,fit
13101,fit
7637,fit
6495,fit
10115,fit
6279,fit
14803,fit
12679,fit
1676,fit
11045,fit
4977,fit
1211,fit
8954,fit
359,fit
9622,fit
13448,fit
4727,fit
7576,fit
6185,fit
3451,fit
14768,fit
13290,fit
9279,fit
2142,fit
2796,fit
10682,fit
532,fit
12617,fit
12156,fit
11553,fit
657,fit
3676,fit
3827,fit
7142,fit
4345,fit
7944,fit
9851,fit
8745,fit
1791,fit
6771,fit
3554,fit
13205,fit
11194,fit
13648,fit
2618,fit
14539,fit
4932,fit
7065,fit
11401,fit
7499,fit
14741,fit
14994,fit
6409,fit
4018,fit
2298,fit
10107,fit
4341,fit
14824,fit
3057,fit
12584,fit
4149,fit
14794,fit
4645,fit
10032,fit
8358,fit
12015,fit
12337,fit
13302,fit
9062,fit
14264,fit
3085,fit
13991,fit
114,fit
742,fit
13819,fit
400,fit
8194,fit
10390,fit
13134,fit
8049,fit
7686,fit
2165,fit
7707,fit
1071,fit
10686,fit
1383,fit
8966,fit
463,fit
13942,fit
10420,fit
10393,fit
12846,fit
1000,fit
6799,fit
8598,fit
1201,fit
15399,fit
10341,fit
11497,fit
3781,fit
388,fit
10350,fit
12711,fit
11755,fit
6773,fit
10064,fit
8749,fit
12642,fit
1952,fit
14904,fit
7414,fit
2057,fit
724,fit
7355,fit
13520,fit
1698,fit
7750,fit
10404,fit
4912,fit
14324,fit
7815,fit
13574,fit
412,fit
11559,fit
3494,fit
6237,fit
11307,fit
7220,fit
5826,fit
573,fit
4997,fit
13678,fit
2709,fit
10711,fit
3783,fit
13232,fit
8553,fit
5728,fit
14340,fit
6031,fit
10249,fit
15080,fit
4738,fit
9505,fit
9146,fit
3617,fit
2690,fit
14613,fit
3076,fit
14218,fit
1239,fit
12553,fit
12094,fit
8261,fit
2455,fit
7565,fit
2636,fit
192,fit
3369,fit
4946,fit
5634,fit
1509,fit
14932,fit
1190,fit
13025,fit
4644,fit
327,fit
1685,fit
13810,fit
10755,fit
11659,fit
11080,fit
402,fit
632,fit
5372,fit
6011,fit
11853,fit
6881,fit
14749,fit
3275,fit
7331,fit
9693,fit
13375,fit
12387,fit
933,fit
8157,fit
10925,fit
14700,fit
8803,fit
13589,fit
214,fit
9767,fit
14107,fit
582,fit
6882,fit
2839,fit
2882,fit
2234,fit
11339,fit
14349,fit
12719,fit
12921,fit
748,fit
7782,fit
9734,fit
7548,fit
5045,fit
9418,fit
5008,fit
1114,fit
9088,fit
54,fit
523,fit
11579,fit
7159,fit
2243,fit
2169,fit
14179,fit
14747,fit
12224,fit
13875,fit
3981,fit
11875,fit
7146,fit
1287,fit
14361,fit
5816,fit
704,fit
12055,fit
4771,fit
12053,fit
4273,fit
1496,fit
13696,fit
3160,fit
2305,fit
8061,fit
15349,fit
11160,fit
5675,fit
1614,fit
14348,fit
3301,fit
12616,fit
859,fit
13109,fit
9699,fit
9005,fit
13161,fit
13335,fit
7666,fit
11763,fit
7273,fit
11804,fit
2130,fit
4032,fit
4906,fit
11413,fit
3315,fit
14752,fit
8224,fit
12108,fit
4362,fit
10136,fit
5119,fit
10631,fit
567,fit
11676,fit
2050,fit
2909,fit
3156,fit
2481,fit
4419,fit
13059,fit
11047,fit
3514,fit
4992,fit
4151,fit
9104,fit
4886,fit
13695,fit
3808,fit
14944,fit
15154,fit
11156,fit
2789,fit
10270,fit
9271,fit
6887,fit
9825,fit
7357,fit
3362,fit
3386,fit
15302,fit
10599,fit
8926,fit
3246,fit
663,fit
14531,fit
10769,fit
12333,fit
11969,fit
4544,fit
595,fit
3778,fit
4388,fit
5259,fit
8500,fit
7406,fit
907,fit
4212,fit
6834,fit
8307,fit
12364,fit
8297,fit
12072,fit
10517,fit
11651,fit
7857,fit
2706,fit
12220,fit
15106,fit
12665,fit
13186,fit
3283,fit
4461,fit
9429,fit
11814,fit
6146,fit
1973,fit
14530,fit
14823,fit
6765,fit
14442,fit
5993,fit
13698,fit
416,fit
12662,fit
9659,fit
9876,fit
9396,fit
13080,fit
2114,fit
13492,fit
5796,fit
6915,fit
700,fit
10455,fit
5203,fit
2465,fit
3102,fit
349,fit
12031,fit
14562,fit
15242,fit
9245,fit
8066,fit
8969,fit
10164,fit
2058,fit
2793,fit
1667,fit
11524,fit
10464,fit
4410,fit
9785,fit
3796,fit
12702,fit
13212,fit
11872,fit
5363,fit
5918,fit
7388,fit
13659,fit
11822,fit
12252,fit
10598,fit
4638,fit
8611,fit
4950,fit
7834,fit
11682,fit
6052,fit
12801,fit
2402,fit
843,fit
2268,fit
15173,fit
7267,fit
5031,fit
4681,fit
8942,fit
1922,fit
7976,fit
5524,fit
2188,fit
6088,fit
537,fit
11033,fit
4625,fit
14787,fit
14929,fit
4011,fit
6879,fit
12375,fit
10190,fit
12275,fit
13084,fit
8123,fit
5569,fit
14242,fit
13412,fit
10973,fit
5291,fit
12832,fit
15099,fit
13884,fit
14463,fit
8681,fit
13208,fit
14453,fit
4427,fit
8562,fit
5511,fit
9416,fit
11668,fit
4699,fit
7123,fit
4314,fit
1571,fit
1775,fit
4127,fit
9820,fit
14627,fit
1880,fit
4349,fit
8756,fit
1695,fit
10377,fit
6846,fit
11738,fit
6725,fit
11333,fit
4485,fit
1185,fit
2253,fit
14661,fit
7325,fit
4137,fit
15071,fit
11083,fit
59,fit
4576,fit
5222,fit
4161,fit
13474,fit
1384,fit
9433,fit
13961,fit
1132,fit
3829,fit
5935,fit
10165,fit
5467,fit
9860,fit
11014,fit
3235,fit
1581,fit
6975,fit
2231,fit
13390,fit
2772,fit
4711,fit
12309,fit
7946,fit
8703,fit
5884,fit
5517,fit
13515,fit
7206,fit
13541,fit
12037,fit
13307,fit
11787,fit
13460,fit
5473,fit
225,fit
14756,fit
479,fit
5323,fit
10918,fit
2321,fit
12989,fit
11123,fit
14001,fit
188,fit
11013,fit
2120,fit
6835,fit
11215,fit
3642,fit
3579,fit
3711,fit
1793,fit
10188,fit
4364,fit
7216,fit
11112,fit
79,fit
8740,fit
845,fit
7217,fit
14270,fit
2635,fit
4126,fit
239,fit
4719,fit
754,fit
450,fit
9853,fit
14837,fit
4231,fit
14600,fit
11784,fit
9465,fit
7266,fit
1219,fit
2683,fit
6597,fit
10787,fit
12386,fit
6278,fit
9569,fit
9909,fit
13331,fit
6807,fit
1801,fit
14445,fit
6580,fit
13402,fit
10142,fit
1540,fit
14636,fit
13156,fit
1832,fit
12066,fit
12377,fit
9443,fit
10530,fit
11775,fit
10983,fit
3603,fit
9361,fit
12221,fit
15394,fit
14799,fit
12218,fit
10878,fit
4920,fit
855,fit
3987,fit
5138,fit
4390,fit
4418,fit
10375,fit
15374,fit
4339,fit
3595,fit
5169,fit
11856,fit
12585,fit
11078,fit
2232,fit
6702,fit
13069,fit
1526,fit
7505,fit
7531,fit
15411,fit
10044,fit
5674,fit
3623,fit
2689,fit
3692,fit
10745,fit
9061,fit
14230,fit
7708,fit
6747,fit
12042,fit
3947,fit
3572,fit
3311,fit
13856,fit
8988,fit
1819,fit
8423,fit
5839,fit
285,fit
1980,fit
798,fit
11626,fit
2555,fit
11490,fit
12651,fit
5082,fit
7613,fit
14194,fit
14903,fit
7224,fit
11202,fit
6566,fit
955,fit
13788,fit
15109,fit
908,fit
7530,fit
14918,fit
12107,fit
14079,fit
14924,fit
13707,fit
14150,fit
11892,fit
9490,fit
11970,fit
11574,fit
6122,fit
12953,fit
13636,fit
5629,fit
10194,fit
12621,fit
2285,fit
5959,fit
13987,fit
9930,fit
9914,fit
14522,fit
11595,fit
3663,fit
8350,fit
13732,fit
6396,fit
115,fit
12271,fit
1662,fit
15310,fit
5776,fit
9824,fit
7165,fit
13514,fit
931,fit
3862,fit
1673,fit
11759,fit
10684,fit
2328,fit
13680,fit
1069,fit
3060,fit
13621,fit
12356,fit
9726,fit
11315,fit
2970,fit
15005,fit
2765,fit
726,fit
6129,fit
9852,fit
13457,fit
14163,fit
3,fit
930,fit
5672,fit
2510,fit
5860,fit
7431,fit
445,fit
5155,fit
6960,fit
9724,fit
4529,fit
5737,fit
6968,fit
6053,fit
7214,fit
14757,fit
14785,fit
9646,fit
14093,fit
1961,fit
10254,fit
1047,fit
11870,fit
15373,fit
1478,fit
11899,fit
1458,fit
4078,fit
14915,fit
13094,fit
4731,fit
7117,fit
9850,fit
2339,fit
11657,fit
3216,fit
10582,fit
5973,fit
14682,fit
8318,fit
121,fit
1528,fit
8973,fit
2934,fit
7572,fit
894,fit
2830,fit
12005,fit
8607,fit
6316,fit
12565,fit
5922,fit
9880,fit
9100,fit
12762,fit
8248,fit
8585,fit
14282,fit
6697,fit
12991,fit
14512,fit
6575,fit
5953,fit
2785,fit
7987,fit
186,fit
9972,fit
3991,fit
5855,fit
13965,fit
7376,fit
7064,fit
6789,fit
13633,fit
5823,fit
4909,fit
8873,fit
3775,fit
1678,fit
12650,fit
4169,fit
1334,fit
5015,fit
13979,fit
3276,fit
818,fit
7691,fit
14965,fit
9495,fit
9323,fit
10866,fit
497,fit
8554,fit
2343,fit
9507,fit
7320,fit
7060,fit
12089,fit
3621,fit
14257,fit
5576,fit
4184,fit
13566,fit
5255,fit
2870,fit
2273,fit
11815,fit
11566,fit
4330,fit
3097,fit
6689,fit
14251,fit
5920,fit
10789,fit
8894,fit
10201,fit
8662,fit
9018,fit
5549,fit
4518,fit
9848,fit
7186,fit
12547,fit
7682,fit
13351,fit
1053,fit
7304,fit
7991,fit
10477,fit
9066,fit
7075,fit
8327,fit
5283,fit
6074,fit
13329,fit
12848,fit
3589,fit
1232,fit
12085,fit
7590,fit
4889,fit
2146,fit
5076,fit
12959,fit
3109,fit
4550,fit
5739,fit
2429,fit
4617,fit
4040,fit
2877,fit
586,fit
5397,fit
4451,fit
7970,fit
7787,fit
4571,fit
8844,fit
14135,fit
9183,fit
4745,fit
14579,fit
14890,fit
6601,fit
6107,fit
3179,fit
10092,fit
11874,fit
14008,fit
14727,fit
8055,fit
9191,fit
12286,fit
5295,fit
2112,fit
8982,fit
14734,fit
1881,fit
8234,fit
11636,fit
7933,fit
9424,fit
7916,fit
6952,fit
12612,fit
5648,fit
3231,fit
7919,fit
4307,fit
10887,fit
15175,fit
10531,fit
5631,fit
9522,fit
1981,fit
3690,fit
1084,fit
15391,fit
1579,fit
11861,fit
10538,fit
12720,fit
7955,fit
13168,fit
3838,fit
4790,fit
5709,fit
1859,fit
2184,fit
5898,fit
1669,fit
1912,fit
12340,fit
12638,fit
1004,fit
13820,fit
398,fit
2506,fit
10547,fit
6558,fit
10321,fit
9398,fit
14056,fit
11634,fit
4728,fit
4710,fit
6042,fit
14371,fit
12904,fit
11465,fit
5560,fit
13748,fit
10953,fit
8907,fit
4848,fit
10528,fit
9579,fit
836,fit
1989,fit
6182,fit
1711,fit
15152,fit
3650,fit
1320,fit
10371,fit
10642,fit
6814,fit
5367,fit
8723,fit
3791,fit
1531,fit
329,fit
11472,fit
10301,fit
2530,fit
1503,fit
8481,fit
6161,fit
6538,fit
9924,fit
9661,fit
2771,fit
697,fit
4508,fit
396,fit
4083,fit
11313,fit
1398,fit
7208,fit
6830,fit
1743,fit
1828,fit
5371,fit
5172,fit
6091,fit
226,fit
3549,fit
11470,fit
10636,fit
7152,fit
13196,fit
13567,fit
9065,fit
7363,fit
12185,fit
5496,fit
1412,fit
14099,fit
12502,fit
5146,fit
202,fit
15042,fit
7951,fit
47,fit
7390,fit
4678,fit
12654,fit
3714,fit
3272,fit
12816,fit
14381,fit
5254,fit
14678,fit
14778,fit
98,fit
13437,fit
14331,fit
12470,fit
10402,fit
12416,fit
11296,fit
6645,fit
2566,fit
7226,fit
13031,fit
4975,fit
4289,fit
2023,fit
3042,fit
7303,fit
1621,fit
3196,fit
5577,fit
11412,fit
13874,fit
14225,fit
10471,fit
5384,fit
4776,fit
1923,fit
13999,fit
898,fit
13387,fit
11947,fit
7332,fit
6976,fit
14708,fit
8323,fit
5696,fit
3538,fit
4088,fit
3444,fit
128,fit
1527,fit
6084,fit
5253,fit
14917,fit
385,fit
337,fit
4664,fit
9889,fit
1901,fit
9643,fit
802,fit
2583,fit
8035,fit
8659,fit
3340,fit
4090,fit
8455,fit
11082,fit
1898,fit
7979,fit
11859,fit
12258,fit
8726,fit
9758,fit
11845,fit
11721,fit
4194,fit
7037,fit
8119,fit
5097,fit
6716,fit
3956,fit
5990,fit
14807,fit
3914,fit
10326,fit
4125,fit
15082,fit
8296,fit
9112,fit
13016,fit
13024,fit
8072,fit
12817,fit
13358,fit
6187,fit
11276,fit
15195,fit
7039,fit
6620,fit
13729,fit
5214,fit
3717,fit
4590,fit
4392,fit
3857,fit
7655,fit
9453,fit
10898,fit
5893,fit
1243,fit
7935,fit
11329,fit
8027,fit
1068,fit
6438,fit
1309,fit
14190,fit
1680,fit
4391,fit
9422,fit
10805,fit
5610,fit
4834,fit
14881,fit
5379,fit
6900,fit
9664,fit
15051,fit
14858,fit
11509,fit
4809,fit
3610,fit
10584,fit
12834,fit
5907,fit
12653,fit
10466,fit
6970,fit
4045,fit
7062,fit
12892,fit
1599,fit
356,fit
2734,fit
10939,fit
12215,fit
3140,fit
14851,fit
535,fit
14866,fit
9204,fit
528,fit
517,fit
9322,fit
309,fit
108,fit
3236,fit
9193,fit
3303,fit
4490,fit
12856,fit
7882,fit
3145,fit
14058,fit
7543,fit
4604,fit
953,fit
6798,fit
10947,fit
12297,fit
9706,fit
9468,fit
8632,fit
3126,fit
483,fit
14444,fit
12845,fit
6482,fit
9548,fit
2750,fit
9340,fit
7847,fit
4336,fit
2432,fit
1080,fit
2283,fit
4167,fit
6310,fit
13548,fit
11904,fit
1215,fit
13734,fit
7240,fit
3573,fit
6171,fit
1580,fit
9265,fit
7295,fit
1414,fit
8976,fit
9521,fit
12389,fit
12115,fit
6658,fit
3048,fit
1410,fit
14333,fit
1111,fit
7544,fit
12956,fit
11250,fit
10114,fit
4687,fit
8686,fit
4724,fit
7042,fit
90,fit
3493,fit
10255,fit
2410,fit
4781,fit
4991,fit
11581,fit
8522,fit
6369,fit
112,fit
9626,fit
11496,fit
10904,fit
6255,fit
5113,fit
2950,fit
15365,fit
5193,fit
11643,fit
8835,fit
11531,fit
3106,fit
4985,fit
12283,fit
11714,fit
13451,fit
8763,fit
5010,fit
3784,fit
13903,fit
11780,fit
1005,fit
138,fit
5913,fit
1882,fit
8268,fit
12154,fit
1116,fit
15151,fit
15129,fit
469,fit
8144,fit
11024,fit
11532,fit
11802,fit
5068,fit
10412,fit
278,fit
2139,fit
10198,fit
11941,fit
1897,fit
13237,fit
1346,fit
8264,fit
10605,fit
15372,fit
6598,fit
1264,fit
14670,fit
10153,fit
720,fit
8807,fit
13973,fit
8544,fit
14928,fit
8541,fit
2657,fit
10108,fit
371,fit
9538,fit
5191,fit
3192,fit
6297,fit
13313,fit
7385,fit
12569,fit
9580,fit
1345,fit
4411,fit
9687,fit
7306,fit
874,fit
2753,fit
4758,fit
14382,fit
9300,fit
14797,fit
12437,fit
4937,fit
1160,fit
3483,fit
10308,fit
6691,fit
7190,fit
9102,fit
4227,fit
14624,fit
13722,fit
7879,fit
15065,fit
7789,fit
11697,fit
13766,fit
2083,fit
5186,fit
6945,fit
2519,fit
8161,fit
12487,fit
9481,fit
3336,fit
13498,fit
3112,fit
3459,fit
7575,fit
10491,fit
11050,fit
34,fit
4954,fit
9211,fit
7030,fit
3806,fit
10222,fit
14942,fit
4271,fit
1250,fit
13172,fit
6863,fit
14594,fit
5368,fit
9840,fit
574,fit
9612,fit
1686,fit
8273,fit
276,fit
342,fit
6682,fit
12277,fit
13746,fit
2316,fit
10672,fit
1754,fit
3157,fit
7293,fit
7771,fit
986,fit
9597,fit
2677,fit
9971,fit
6596,fit
14273,fit
1512,fit
8348,fit
8044,fit
3363,fit
5632,fit
11593,fit
9515,fit
11578,fit
5018,fit
11349,fit
6312,fit
9019,fit
5890,fit
4443,fit
644,fit
4248,fit
13055,fit
10752,fit
1779,fit
12885,fit
11341,fit
3211,fit
9901,fit
10951,fit
12678,fit
8211,fit
10271,fit
689,fit
5797,fit
858,fit
2440,fit
5466,fit
12912,fit
1104,fit
2488,fit
11632,fit
758,fit
13275,fit
6534,fit
7425,fit
13003,fit
974,fit
3460,fit
8567,fit
8556,fit
13900,fit
3955,fit
12819,fit
3938,fit
2650,fit
9540,fit
14995,fit
4300,fit
12011,fit
13793,fit
6458,fit
3433,fit
4988,fit
7280,fit
8644,fit
7362,fit
3526,fit
11182,fit
14658,fit
11608,fit
13456,fit
15089,fit
13715,fit
13251,fit
10292,fit
12576,fit
15277,fit
12815,fit
2984,fit
4493,fit
7324,fit
1575,fit
9268,fit
13279,fit
10589,fit
11251,fit
5393,fit
5043,fit
12600,fit
12787,fit
1424,fit
8114,fit
7989,fit
3876,fit
7349,fit
2612,fit
505,fit
14037,fit
2393,fit
2809,fit
5457,fit
5880,fit
5556,fit
10051,fit
4226,fit
4616,fit
15404,fit
5702,fit
13007,fit
13447,fit
9158,fit
556,fit
8177,fit
12017,fit
11420,fit
12033,fit
1552,fit
6168,fit
4275,fit
1302,fit
4237,fit
9250,fit
6108,fit
9518,fit
13679,fit
13337,fit
2089,fit
14716,fit
9295,fit
11975,fit
11808,fit
12583,fit
12034,fit
9741,fit
15088,fit
7119,fit
6112,fit
10505,fit
5771,fit
13339,fit
2854,fit
10400,fit
5901,fit
13379,fit
7050,fit
2356,fit
4179,fit
11493,fit
2056,fit
13910,fit
1126,fit
2616,fit
8616,fit
11606,fit
5571,fit
1820,fit
14581,fit
11022,fit
10678,fit
7403,fit
2425,fit
12379,fit
3182,fit
6418,fit
8025,fit
15362,fit
3191,fit
5692,fit
1468,fit
12316,fit
6844,fit
13247,fit
924,fit
14655,fit
14839,fit
4447,fit
6181,fit
8355,fit
468,fit
6454,fit
7889,fit
10158,fit
10579,fit
11563,fit
4836,fit
2508,fit
6342,fit
7201,fit
3513,fit
8839,fit
10856,fit
5635,fit
12335,fit
7662,fit
4674,fit
7705,fit
4996,fit
8178,fit
14462,fit
881,fit
12546,fit
5096,fit
7381,fit
8221,fit
9493,fit
2883,fit
3365,fit
199,fit
70,fit
3341,fit
797,fit
382,fit
3199,fit
11214,fit
1988,fit
8693,fit
2160,fit
3264,fit
7132,fit
379,fit
11558,fit
10687,fit
14130,fit
1865,fit
844,fit
12400,fit
4051,fit
10900,fit
11880,fit
12544,fit
4706,fit
5187,fit
9218,fit
6643,fit
11405,fit
7725,fit
2900,fit
3289,fit
870,fit
387,fit
3430,fit
29,fit
260,fit
404,fit
8532,fit
2665,fit
13407,fit
6117,fit
10069,fit
13491,fit
938,fit
3003,fit
11918,fit
13048,fit
2791,fit
12104,fit
2574,fit
5817,fit
5837,fit
768,fit
48,fit
189,fit
1242,fit
14827,fit
3418,fit
2874,fit
12498,fit
14604,fit
13535,fit
294,fit
721,fit
14441,fit
14650,fit
670,fit
12444,fit
110,fit
4061,fit
7203,fit
6917,fit
4488,fit
14373,fit
11031,fit
3009,fit
11556,fit
12723,fit
3934,fit
9043,fit
10317,fit
10702,fit
2617,fit
9261,fit
14077,fit
3580,fit
14231,fit
5376,fit
12664,fit
7154,fit
228,fit
4241,fit
12012,fit
7583,fit
7541,fit
4222,fit
6649,fit
2724,fit
11518,fit
6659,fit
13152,fit
9152,fit
10660,fit
14286,fit
5014,fit
14947,fit
9567,fit
14043,fit
5056,fit
13934,fit
14432,fit
3530,fit
12844,fit
2602,fit
13877,fit
2861,fit
1543,fit
11711,fit
12775,fit
11746,fit
6025,fit
3800,fit
13757,fit
2525,fit
2660,fit
7116,fit
6966,fit
14973,fit
1418,fit
5023,fit
3167,fit
7310,fit
6611,fit
5741,fit
9231,fit
1181,fit
1359,fit
7184,fit
7199,fit
11466,fit
438,fit
8012,fit
6516,fit
3259,fit
6642,fit
7412,fit
3407,fit
2575,fit
10788,fit
1833,fit
11271,fit
7973,fit
1908,fit
9343,fit
4759,fit
1148,fit
11958,fit
14038,fit
8010,fit
12851,fit
3586,fit
14198,fit
3240,fit
1776,fit
11837,fit
947,fit
2542,fit
10015,fit
9225,fit
5785,fit
10083,fit
14693,fit
10195,fit
6589,fit
647,fit
6479,fit
8992,fit
7827,fit
1873,fit
4607,fit
11317,fit
9711,fit
6023,fit
14500,fit
9358,fit
6100,fit
10824,fit
12507,fit
6216,fit
35,fit
11530,fit
1371,fit
5055,fit
10398,fit
11246,fit
653,fit
12568,fit
4291,fit
4818,fit
2099,fit
8785,fit
15022,fit
661,fit
6595,fit
10172,fit
9879,fit
11188,fit
12563,fit
5878,fit
3049,fit
4821,fit
2397,fit
11025,fit
13818,fit
12029,fit
3427,fit
2079,fit
3813,fit
3417,fit
12462,fit
2850,fit
10870,fit
8478,fit
9029,fit
10697,fit
11962,fit
10285,fit
5261,fit
8521,fit
11591,fit
12080,fit
7994,fit
9656,fit
13972,fit
794,fit
3423,fit
1884,fit
5757,fit
4353,fit
1432,fit
10176,fit
7680,fit
6420,fit
11731,fit
7900,fit
5382,fit
9237,fit
10453,fit
1248,fit
13028,fit
5844,fit
4785,fit
8940,fit
4077,fit
12205,fit
12758,fit
6431,fit
1879,fit
3415,fit
12891,fit
11968,fit
11745,fit
2509,fit
14375,fit
2531,fit
9811,fit
13004,fit
113,fit
6502,fit
1809,fit
6971,fit
1159,fit
7958,fit
6436,fit
5539,fit
5841,fit
13556,fit
13533,fit
12788,fit
1134,fit
12604,fit
4793,fit
15363,fit
10863,fit
14057,fit
7999,fit
11092,fit
12105,fit
1350,fit
13985,fit
9222,fit
409,fit
6060,fit
14705,fit
3774,fit
3320,fit
9143,fit
3792,fit
1929,fit
4383,fit
3738,fit
7673,fit
831,fit
13481,fit
15232,fit
9202,fit
14410,fit
8021,fit
1100,fit
12954,fit
1353,fit
5558,fit
13728,fit
9308,fit
5160,fit
7982,fit
876,fit
2391,fit
6891,fit
4481,fit
1008,fit
4210,fit
2235,fit
2535,fit
3270,fit
1942,fit
10746,fit
12996,fit
11976,fit
3835,fit
2359,fit
1659,fit
12276,fit
12433,fit
4564,fit
2207,fit
11706,fit
10889,fit
12460,fit
1352,fit
551,fit
3860,fit
14893,fit
247,fit
3078,fit
2228,fit
3999,fit
903,fit
12575,fit
6665,fit
2320,fit
14796,fit
6322,fit
8515,fit
12257,fit
13116,fit
5859,fit
7795,fit
1364,fit
8747,fit
11424,fit
6869,fit
12281,fit
14272,fit
9842,fit
9120,fit
2997,fit
9694,fit
13931,fit
6228,fit
2572,fit
1945,fit
14259,fit
9208,fit
3103,fit
9554,fit
6427,fit
8074,fit
3742,fit
4029,fit
6816,fit
11807,fit
7645,fit
7899,fit
11255,fit
9571,fit
7718,fit
5268,fit
1449,fit
426,fit
15136,fit
8257,fit
799,fit
7972,fit
2792,fit
14019,fit
3457,fit
2029,fit
1615,fit
5994,fit
10296,fit
5007,fit
10138,fit
7319,fit
851,fit
896,fit
1443,fit
2619,fit
11708,fit
543,fit
10855,fit
4798,fit
3330,fit
14105,fit
14511,fit
9263,fit
7327,fit
15353,fit
14383,fit
5486,fit
240,fit
14620,fit
6195,fit
1447,fit
9795,fit
963,fit
11741,fit
10770,fit
333,fit
1448,fit
2260,fit
12951,fit
9393,fit
234,fit
13674,fit
1445,fit
13430,fit
8427,fit
10199,fit
8590,fit
8376,fit
8142,fit
12572,fit
11138,fit
14592,fit
10483,fit
8692,fit
6489,fit
889,fit
5852,fit
11037,fit
3086,fit
14386,fit
5331,fit
12473,fit
8451,fit
12768,fit
6307,fit
7528,fit
12410,fit
9517,fit
5386,fit
13860,fit
10465,fit
9170,fit
11229,fit
11889,fit
10325,fit
2723,fit
13951,fit
14044,fit
4174,fit
5585,fit
13992,fit
8882,fit
10338,fit
5406,fit
6536,fit
15216,fit
4407,fit
1969,fit
11249,fit
14499,fit
12710,fit
11974,fit
3855,fit
1169,fit
14151,fit
5781,fit
8314,fit
6066,fit
168,fit
11835,fit
12073,fit
9660,fit
10013,fit
9472,fit
785,fit
13040,fit
486,fit
14459,fit
9362,fit
12070,fit
10703,fit
2626,fit
10522,fit
9644,fit
14804,fit
9118,fit
698,fit
9652,fit
11783,fit
9886,fit
12771,fit
8312,fit
4928,fit
14559,fit
8764,fit
8595,fit
6784,fit
2164,fit
2759,fit
11114,fit
11663,fit
12673,fit
3258,fit
11346,fit
13600,fit
1217,fit
10844,fit
12301,fit
13421,fit
1728,fit
6861,fit
238,fit
12656,fit
13921,fit
9990,fit
1307,fit
2942,fit
4450,fit
9640,fit
6553,fit
11324,fit
10067,fit
10807,fit
5562,fit
10352,fit
11429,fit
2017,fit
13157,fit
6998,fit
267,fit
2472,fit
13587,fit
5194,fit
7507,fit
2647,fit
15011,fit
4577,fit
3962,fit
10416,fit
8368,fit
5575,fit
15178,fit
2853,fit
13155,fit
7012,fit
2196,fit
383,fit
5862,fit
7074,fit
13295,fit
3208,fit
5650,fit
5231,fit
15228,fit
1592,fit
952,fit
9084,fit
5003,fit
9948,fit
10323,fit
261,fit
13201,fit
10303,fit
6780,fit
11392,fit
11223,fit
7960,fit
6997,fit
2949,fit
2777,fit
6562,fit
4269,fit
13364,fit
2180,fit
2445,fit
13647,fit
11622,fit
3018,fit
827,fit
13193,fit
11838,fit
13321,fit
3596,fit
10591,fit
13811,fit
12350,fit
12394,fit
13283,fit
12878,fit
1300,fit
12888,fit
36,fit
13880,fit
28,fit
1043,fit
13808,fit
13038,fit
4682,fit
6104,fit
3576,fit
6753,fit
12823,fit
3627,fit
12314,fit
5518,fit
9748,fit
6511,fit
2080,fit
13725,fit
306,fit
8643,fit
6641,fit
2810,fit
10014,fit
5506,fit
9417,fit
4415,fit
14308,fit
11117,fit
4042,fit
1291,fit
756,fit
10615,fit
3389,fit
1959,fit
4380,fit
10581,fit
6188,fit
6578,fit
7118,fit
8840,fit
15164,fit
6282,fit
9378,fit
6449,fit
2086,fit
5226,fit
14161,fit
1442,fit
15289,fit
13272,fit
12428,fit
3032,fit
12189,fit
13439,fit
6198,fit
6434,fit
934,fit
10628,fit
11361,fit
15123,fit
9336,fit
3877,fit
12640,fit
11382,fit
10413,fit
12293,fit
7822,fit
8207,fit
828,fit
10237,fit
14440,fit
8827,fit
11541,fit
1090,fit
1349,fit
6050,fit
9402,fit
575,fit
9650,fit
1623,fit
10039,fit
11613,fit
4463,fit
5270,fit
13325,fit
682,fit
3672,fit
9918,fit
5492,fit
2257,fit
2752,fit
4350,fit
10932,fit
1907,fit
13744,fit
4523,fit
12067,fit
2371,fit
5275,fit
11733,fit
5514,fit
3870,fit
11522,fit
11177,fit
4177,fit
2992,fit
7215,fit
11310,fit
9516,fit
1927,fit
11812,fit
4750,fit
12784,fit
8043,fit
8612,fit
11209,fit
12917,fit
626,fit
11699,fit
6792,fit
2384,fit
10406,fit
12840,fit
5624,fit
10764,fit
3626,fit
8151,fit
601,fit
10648,fit
9575,fit
13776,fit
11707,fit
10513,fit
12797,fit
1166,fit
12812,fit
5000,fit
9401,fit
246,fit
3024,fit
13684,fit
14869,fit
183,fit
8214,fit
14162,fit
3939,fit
13547,fit
9803,fit
1866,fit
2801,fit
5763,fit
12381,fit
14425,fit
10520,fit
3906,fit
8414,fit
457,fit
10256,fit
4640,fit
5590,fit
2091,fit
7773,fit
5484,fit
9794,fit
4439,fit
2959,fit
12644,fit
11336,fit
6333,fit
9558,fit
467,fit
2516,fit
10506,fit
8483,fit
4622,fit
6606,fit
2,fit
3805,fit
89,fit
806,fit
11306,fit
12962,fit
3823,fit
2737,fit
9632,fit
2594,fit
15010,fit
7187,fit
1182,fit
1595,fit
11604,fit
1978,fit
2047,fit
15300,fit
4769,fit
14591,fit
8480,fit
8038,fit
9574,fit
7517,fit
14516,fit
14850,fit
14637,fit
9181,fit
15113,fit
10590,fit
5934,fit
13550,fit
5426,fit
4973,fit
6270,fit
8111,fit
9227,fit
3993,fit
13865,fit
12186,fit
2514,fit
4408,fit
5405,fit
116,fit
9466,fit
7883,fit
4925,fit
1002,fit
12338,fit
9446,fit
8432,fit
10116,fit
9658,fit
14474,fit
2803,fit
6947,fit
762,fit
7253,fit
5073,fit
6842,fit
914,fit
10405,fit
3170,fit
3306,fit
11196,fit
15236,fit
10407,fit
5904,fit
481,fit
8171,fit
2982,fit
6783,fit
2633,fit
13841,fit
5803,fit
8989,fit
784,fit
5047,fit
3946,fit
11104,fit
11800,fit
2093,fit
6487,fit
5873,fit
6249,fit
8935,fit
2929,fit
1272,fit
3307,fit
4278,fit
5201,fit
10157,fit
14299,fit
15008,fit
9117,fit
5217,fit
3733,fit
11299,fit
3475,fit
14061,fit
2286,fit
10757,fit
3879,fit
2003,fit
13365,fit
1576,fit
11797,fit
10797,fit
11717,fit
1904,fit
12396,fit
15293,fit
11081,fit
15159,fit
14199,fit
5831,fit
6866,fit
9565,fit
572,fit
1253,fit
12486,fit
12170,fit
9512,fit
378,fit
7202,fit
11619,fit
6006,fit
14844,fit
338,fit
2507,fit
4636,fit
8666,fit
11612,fit
11515,fit
7452,fit
15009,fit
2570,fit
5722,fit
366,fit
3633,fit
10081,fit
14285,fit
3053,fit
13399,fit
5249,fit
8131,fit
10613,fit
14652,fit
750,fit
15230,fit
4486,fit
6063,fit
7196,fit
7321,fit
2526,fit
667,fit
15283,fit
9676,fit
2676,fit
7791,fit
11948,fit
6824,fit
13333,fit
13309,fit
8228,fit
11916,fit
10541,fit
5025,fit
3636,fit
9364,fit
6139,fit
10168,fit
14360,fit
10500,fit
13578,fit
5299,fit
13244,fit
5304,fit
1011,fit
13367,fit
10836,fit
12685,fit
14035,fit
8981,fit
7856,fit
10656,fit
7056,fit
11983,fit
9315,fit
14843,fit
2860,fit
12088,fit
2035,fit
12207,fit
10354,fit
5537,fit
1499,fit
10263,fit
14498,fit
945,fit
9068,fit
13847,fit
9197,fit
901,fit
10691,fit
5196,fit
15137,fit
4615,fit
136,fit
12800,fit
5867,fit
3527,fit
4387,fit
15251,fit
14638,fit
10220,fit
6010,fit
9363,fit
1205,fit
3828,fit
9975,fit
13530,fit
14073,fit
9310,fit
2875,fit
598,fit
14458,fit
13568,fit
8801,fit
11253,fit
8811,fit
2557,fit
10232,fit
12528,fit
436,fit
4789,fit
5326,fit
2223,fit
10882,fit
8153,fit
12915,fit
7703,fit
3473,fit
11131,fit
11477,fit
6468,fit
11935,fit
14859,fit
8880,fit
8796,fit
4672,fit
8426,fit
2431,fit
5232,fit
2611,fit
1812,fit
8497,fit
5084,fit
9651,fit
3319,fit
1918,fit
13521,fit
51,fit
13833,fit
6705,fit
13216,fit
7640,fit
14028,fit
3461,fit
6894,fit
11342,fit
6594,fit
630,fit
4527,fit
258,fit
14000,fit
4060,fit
10458,fit
15036,fit
6982,fit
6634,fit
9032,fit
9843,fit
2153,fit
4189,fit
5021,fit
10794,fit
4958,fit
888,fit
12302,fit
10189,fit
5109,fit
1877,fit
14147,fit
3622,fit
1895,fit
8154,fit
12539,fit
9730,fit
9589,fit
6836,fit
12811,fit
14849,fit
14156,fit
4562,fit
2681,fit
2646,fit
6382,fit
13484,fit
2115,fit
703,fit
4234,fit
5806,fit
8008,fit
6513,fit
8445,fit
14154,fit
5587,fit
10685,fit
12024,fit
13919,fit
8251,fit
1825,fit
14889,fit
13114,fit
1835,fit
7957,fit
13202,fit
8965,fit
1777,fit
4536,fit
3153,fit
231,fit
2013,fit
1854,fit
3598,fit
10481,fit
9217,fit
1296,fit
4389,fit
12566,fit
6529,fit
10278,fit
3655,fit
14346,fit
10460,fit
13826,fit
3412,fit
13436,fit
7459,fit
5633,fit
2656,fit
7345,fit
4511,fit
8152,fit
666,fit
6724,fit
4159,fit
491,fit
9627,fit
4034,fit
4647,fit
8006,fit
11439,fit
13980,fit
12330,fit
7192,fit
10036,fit
1014,fit
8825,fit
10006,fit
7980,fit
11503,fit
13370,fit
9086,fit
14709,fit
3360,fit
15360,fit
11526,fit
9884,fit
9325,fit
2630,fit
804,fit
9491,fit
6736,fit
7089,fit
4560,fit
8806,fit
15108,fit
14883,fit
4288,fit
6635,fit
3613,fit
4596,fit
4966,fit
15120,fit
14052,fit
3296,fit
15013,fit
9721,fit
2998,fit
14532,fit
15052,fit
14018,fit
5422,fit
3793,fit
15139,fit
8851,fit
2177,fit
14817,fit
1481,fit
1147,fit
6522,fit
4255,fit
6119,fit
6525,fit
10434,fit
3350,fit
6393,fit
8635,fit
4865,fit
95,fit
15095,fit
1214,fit
795,fit
12454,fit
6096,fit
1474,fit
12187,fit
2271,fit
12513,fit
8782,fit
5638,fit
13001,fit
9229,fit
2100,fit
7323,fit
15092,fit
11994,fit
4957,fit
5997,fit
7967,fit
15141,fit
12739,fit
1891,fit
33,fit
2754,fit
6259,fit
11375,fit
10919,fit
8574,fit
418,fit
6463,fit
15286,fit
5416,fit
354,fit
14419,fit
8163,fit
11877,fit
6325,fit
11069,fit
14066,fit
6421,fit
11673,fit
13528,fit
9116,fit
8688,fit
1187,fit
53,fit
1554,fit
5271,fit
14848,fit
2725,fit
3703,fit
3918,fit
447,fit
10185,fit
9732,fit
10206,fit
5205,fit
7333,fit
6395,fit
926,fit
7104,fit
10071,fit
15337,fit
9802,fit
1037,fit
819,fit
6496,fit
732,fit
8737,fit
9858,fit
11884,fit
11176,fit
5554,fit
12198,fit
11723,fit
10098,fit
10546,fit
14536,fit
673,fit
2876,fit
4589,fit
14762,fit
5521,fit
10327,fit
13392,fit
636,fit
11576,fit
1373,fit
14345,fit
14429,fit
4406,fit
5678,fit
638,fit
1154,fit
8326,fit
13146,fit
1630,fit
14544,fit
7729,fit
9800,fit
10674,fit
14480,fit
1341,fit
4689,fit
12453,fit
7549,fit
1376,fit
11700,fit
2225,fit
15315,fit
5943,fit
7133,fit
1386,fit
14674,fit
12822,fit
4660,fit
11304,fit
854,fit
7191,fit
12767,fit
5889,fit
3242,fit
5704,fit
10821,fit
1773,fit
9024,fit
15020,fit
7894,fit
6024,fit
13928,fit
2629,fit
12778,fit
1059,fit
12754,fit
3314,fit
2731,fit
3830,fit
11680,fit
9821,fit
4897,fit
3587,fit
5555,fit
618,fit
14896,fit
12225,fit
13890,fit
13046,fit
1618,fit
10723,fit
14351,fit
4994,fit
4084,fit
12508,fit
5592,fit
5219,fit
12194,fit
8099,fit
2625,fit
8985,fit
11997,fit
10875,fit
8924,fit
13074,fit
3712,fit
13415,fit
5512,fit
10743,fit
3261,fit
1023,fit
12321,fit
3832,fit
14467,fit
5488,fit
570,fit
9502,fit
7099,fit
8466,fit
6447,fit
3637,fit
2261,fit
10356,fit
1724,fit
2265,fit
3100,fit
10119,fit
12560,fit
3279,fit
7223,fit
10786,fit
6408,fit
731,fit
12100,fit
11718,fit
2857,fit
800,fit
6800,fit
8274,fit
7497,fit
6931,fit
7275,fit
14491,fit
14221,fit
8193,fit
2890,fit
12367,fit
659,fit
7924,fit
7435,fit
13489,fit
2776,fit
6385,fit
14288,fit
7978,fit
6377,fit
753,fit
7338,fit
13266,fit
12227,fit
6470,fit
6582,fit
12071,fit
9605,fit
12701,fit
15298,fit
5495,fit
5743,fit
4207,fit
5383,fit
4258,fit
9275,fit
4340,fit
8175,fit
1434,fit
8149,fit
6399,fit
1699,fit
8516,fit
2887,fit
7818,fit
9908,fit
3559,fit
14846,fit
12660,fit
6127,fit
11488,fit
6934,fit
6730,fit
9713,fit
3370,fit
4855,fit
12827,fit
645,fit
5357,fit
8849,fit
449,fit
4043,fit
3604,fit
9306,fit
444,fit
2604,fit
12178,fit
8878,fit
10926,fit
11018,fit
10943,fit
14366,fit
5948,fit
9021,fit
15406,fit
9395,fit
9028,fit
12805,fit
5465,fit
2720,fit
4223,fit
4398,fit
6016,fit
5642,fit
1395,fit
4466,fit
3648,fit
11205,fit
12272,fit
8642,fit
69,fit
3867,fit
868,fit
12634,fit
6114,fit
14338,fit
1796,fit
13872,fit
8669,fit
13935,fit
2132,fit
2503,fit
12505,fit
4458,fit
13923,fit
427,fit
1748,fit
3223,fit
5851,fit
15170,fit
11368,fit
2952,fit
2788,fit
14865,fit
3011,fit
12065,fit
3904,fit
15318,fit
3597,fit
13354,fit
10990,fit
118,fit
191,fit
14540,fit
8517,fit
322,fit
7014,fit
6083,fit
1321,fit
4337,fit
9432,fit
6503,fit
6261,fit
5269,fit
1519,fit
7022,fit
12837,fit
5221,fit
5636,fit
7888,fit
6223,fit
9479,fit
7716,fit
1640,fit
2400,fit
2592,fit
13848,fit
6078,fit
699,fit
7023,fit
14841,fit
6305,fit
12452,fit
9333,fit
3238,fit
7988,fit
5392,fit
10847,fit
2528,fit
4251,fit
1547,fit
3072,fit
8280,fit
9092,fit
5683,fit
12264,fit
4123,fit
1335,fit
2940,fit
7830,fit
1534,fit
10148,fit
2385,fit
8640,fit
5699,fit
12395,fit
4784,fit
9872,fit
2479,fit
482,fit
3575,fit
7636,fit
1740,fit
8583,fit
2760,fit
1566,fit
9796,fit
7783,fit
8861,fit
9523,fit
7227,fit
5891,fit
13269,fit
11012,fit
972,fit
12987,fit
4679,fit
9939,fit
13369,fit
14936,fit
13189,fit
2717,fit
12629,fit
1415,fit
8104,fit
518,fit
12266,fit
8709,fit
8133,fit
5091,fit
2037,fit
2254,fit
5838,fit
5106,fit
7509,fit
5921,fit
11409,fit
5832,fit
1284,fit
10030,fit
11051,fit
2367,fit
13098,fit
6264,fit
2593,fit
15187,fit
2278,fit
56,fit
1514,fit
3010,fit
2345,fit
3263,fit
13713,fit
1574,fit
12174,fit
4551,fit
11061,fit
3148,fit
6733,fit
14984,fit
1493,fit
2389,fit
10374,fit
12141,fit
4155,fit
9913,fit
2461,fit
12348,fit
15217,fit
10281,fit
7279,fit
3639,fit
1642,fit
14149,fit
8546,fit
8654,fit
6473,fit
11065,fit
7730,fit
14764,fit
6059,fit
9060,fit
15096,fit
15188,fit
7961,fit
12414,fit
160,fit
4677,fit
6064,fit
7892,fit
7081,fit
2668,fit
15378,fit
14104,fit
9496,fit
14287,fit
454,fit
14971,fit
7742,fit
4357,fit
13839,fit
6437,fit
12497,fit
6352,fit
789,fit
5432,fit
1577,fit
11751,fit
3509,fit
11586,fit
11394,fit
8511,fit
8101,fit
1058,fit
2556,fit
14323,fit
8696,fit
12896,fit
6162,fit
9023,fit
7511,fit
11550,fit
3492,fit
9376,fit
11598,fit
2004,fit
4796,fit
5989,fit
314,fit
11270,fit
7930,fit
8290,fit
12918,fit
3557,fit
6761,fit
9082,fit
9352,fit
9545,fit
1072,fit
4940,fit
14987,fit
3266,fit
6037,fit
6726,fit
1683,fit
15235,fit
14496,fit
14590,fit
7800,fit
8593,fit
6874,fit
2055,fit
511,fit
4250,fit
2693,fit
13867,fit
2088,fit
6937,fit
11482,fit
2680,fit
163,fit
7079,fit
14886,fit
9198,fit
14475,fit
904,fit
3803,fit
8096,fit
1283,fit
10457,fit
3760,fit
11552,fit
4136,fit
9940,fit
13591,fit
8566,fit
6506,fit
485,fit
14051,fit
10494,fit
7702,fit
5080,fit
7844,fit
7250,fit
10982,fit
176,fit
10777,fit
9598,fit
5157,fit
8200,fit
11667,fit
1497,fit
2306,fit
12809,fit
5551,fit
5905,fit
8680,fit
9779,fit
11777,fit
3055,fit
10497,fit
7185,fit
8168,fit
12169,fit
6703,fit
14328,fit
13666,fit
3552,fit
4801,fit
1096,fit
8728,fit
13602,fit
14978,fit
6778,fit
605,fit
12006,fit
6552,fit
9345,fit
5180,fit
2623,fit
3751,fit
3149,fit
10738,fit
6817,fit
7685,fit
10911,fit
9501,fit
197,fit
12718,fit
1463,fit
2374,fit
9663,fit
14573,fit
15190,fit
10995,fit
5599,fit
12571,fit
10751,fit
15066,fit
10633,fit
9895,fit
335,fit
1998,fit
1127,fit
10425,fit
10467,fit
15134,fit
15117,fit
9566,fit
14991,fit
64,fit
2708,fit
2201,fit
4244,fit
5029,fit
9742,fit
9957,fit
4009,fit
12334,fit
9390,fit
4629,fit
3859,fit
4303,fit
13868,fit
5903,fit
5421,fit
9592,fit
11376,fit
11792,fit
7120,fit
11568,fit
2275,fit
11740,fit
9883,fit
14728,fit
8185,fit
15245,fit
2736,fit
3080,fit
3737,fit
1721,fit
5301,fit
10998,fit
12524,fit
12833,fit
1931,fit
2378,fit
15273,fit
2747,fit
3896,fit
12889,fit
1844,fit
14616,fit
5991,fit
1270,fit
2744,fit
11701,fit
1913,fit
10472,fit
9552,fit
13761,fit
3463,fit
8504,fit
11912,fit
13565,fit
6963,fit
4514,fit
11757,fit
617,fit
1247,fit
9478,fit
10019,fit
15361,fit
13222,fit
14067,fit
6889,fit
9923,fit
15418,fit
10851,fit
13066,fit
9127,fit
12994,fit
7628,fit
272,fit
6370,fit
4384,fit
547,fit
13082,fit
3378,fit
533,fit
4703,fit
5385,fit
8713,fit
8229,fit
1710,fit
13789,fit
6680,fit
3426,fit
6772,fit
2463,fit
1567,fit
6054,fit
3722,fit
11828,fit
3694,fit
8238,fit
8129,fit
14632,fit
1251,fit
13945,fit
10386,fit
10595,fit
3817,fit
13336,fit
6391,fit
8943,fit
7299,fit
15068,fit
7845,fit
8937,fit
9069,fit
10305,fit
11344,fit
14006,fit
12009,fit
12938,fit
9683,fit
11350,fit
3913,fit
2745,fit
3927,fit
8053,fit
1851,fit
9705,fit
14119,fit
12409,fit
2901,fit
3551,fit
55,fit
9859,fit
12852,fit
7684,fit
3396,fit
8386,fit
4901,fit
9607,fit
7796,fit
1413,fit
1850,fit
9604,fit
13061,fit
13795,fit
12596,fit
2826,fit
4797,fit
13416,fit
14269,fit
5639,fit
11086,fit
3926,fit
14831,fit
2579,fit
10646,fit
4539,fit
1723,fit
2487,fit
12339,fit
3485,fit
11854,fit
4496,fit
4538,fit
13546,fit
10373,fit
8011,fit
1209,fit
12980,fit
4253,fit
10251,fit
4922,fit
8048,fit
1362,fit
6586,fit
1222,fit
13274,fit
10896,fit
5156,fit
7859,fit
6853,fit
4219,fit
52,fit
9138,fit
13753,fit
460,fit
4420,fit
3345,fit
6904,fit
11365,fit
12171,fit
11291,fit
8734,fit
14034,fit
3036,fit
14292,fit
2813,fit
7464,fit
4875,fit
4242,fit
3537,fit
1612,fit
12241,fit
2244,fit
3125,fit
9412,fit
9812,fit
5284,fit
7219,fit
2715,fit
3767,fit
4140,fit
7854,fit
3933,fit
10233,fit
11915,fit
5286,fit
1262,fit
8979,fit
7193,fit
9882,fit
14157,fit
13619,fit
11384,fit
1473,fit
6984,fit
9989,fit
11996,fit
13176,fit
5607,fit
5895,fit
5570,fit
4113,fit
4397,fit
2968,fit
10084,fit
11108,fit
8646,fit
13794,fit
9921,fit
340,fit
864,fit
8204,fit
1672,fit
6105,fit
5049,fit
1713,fit
9105,fit
11135,fit
607,fit
634,fit
7689,fit
8699,fit
12063,fit
3945,fit
10780,fit
3840,fit
2102,fit
11924,fit
7554,fit
13096,fit
1025,fit
11235,fit
6190,fit
3790,fit
6474,fit
9861,fit
6148,fit
6137,fit
10829,fit
9775,fit
10602,fit
2988,fit
8385,fit
6288,fit
5725,fit
5494,fit
6573,fit
2434,fit
752,fit
2558,fit
6628,fit
7408,fit
3026,fit
7134,fit
11200,fit
5914,fit
10236,fit
7368,fit
10625,fit
7734,fit
7756,fit
14607,fit
14894,fit
3644,fit
8109,fit
9083,fit
4062,fit
11400,fit
4717,fit
13357,fit
12981,fit
5715,fit
4608,fit
9411,fit
14940,fit
966,fit
13805,fit
9025,fit
11747,fit
2054,fit
5098,fit
6455,fit
11761,fit
3990,fit
3919,fit
10521,fit
210,fit
4299,fit
4192,fit
11978,fit
11443,fit
9290,fit
14919,fit
2915,fit
5322,fit
2387,fit
10475,fit
3708,fit
5141,fit
9806,fit
3163,fit
6332,fit
12882,fit
12875,fit
15069,fit
10442,fit
11587,fit
452,fit
1138,fit
1968,fit
10795,fit
149,fit
6265,fit
10831,fit
7557,fit
14699,fit
2977,fit
9471,fit
9280,fit
5735,fit
12939,fit
10129,fit
8298,fit
8898,fit
3585,fit
4120,fit
14975,fit
5102,fit
4685,fit
1852,fit
13783,fit
7311,fit
1925,fit
780,fit
10876,fit
14330,fit
6019,fit
13532,fit
3155,fit
12419,fit
1646,fit
6109,fit
13612,fit
7233,fit
1203,fit
7805,fit
3916,fit
6852,fit
7171,fit
13575,fit
13273,fit
12557,fit
5944,fit
11302,fit
10732,fit
964,fit
13918,fit
2435,fit
13033,fit
2628,fit
14625,fit
1034,fit
12648,fit
13787,fit
2215,fit
4548,fit
10839,fit
3569,fit
12331,fit
4236,fit
5999,fit
3094,fit
7339,fit
999,fit
10632,fit
8883,fit
10527,fit
11863,fit
9832,fit
2372,fit
3842,fit
11602,fit
540,fit
11219,fit
1802,fit
4765,fit
4911,fit
14954,fit
9156,fit
15246,fit
8980,fit
3871,fit
1457,fit
1513,fit
14385,fit
7941,fit
8967,fit
6995,fit
10727,fit
2859,fit
15039,fit
350,fit
10592,fit
6870,fit
11610,fit
7599,fit
11829,fit
6267,fit
15214,fit
12003,fit
13320,fit
8978,fit
2426,fit
14439,fit
11137,fit
2450,fit
2412,fit
13827,fit
12093,fit
2269,fit
13209,fit
7359,fit
11363,fit
12968,fit
5122,fit
4610,fit
2020,fit
13518,fit
7285,fit
3728,fit
7570,fit
683,fit
5145,fit
8910,fit
5462,fit
8799,fit
3684,fit
4089,fit
2936,fit
12500,fit
9408,fit
2332,fit
5630,fit
718,fit
8939,fit
6514,fit
10626,fit
2021,fit
11688,fit
5952,fit
6924,fit
13712,fit
9955,fit
13389,fit
12384,fit
10479,fit
3497,fit
4347,fit
1437,fit
3749,fit
2844,fit
10597,fit
3051,fit
3281,fit
1870,fit
4574,fit
11487,fit
5151,fit
3282,fit
2711,fit
1484,fit
902,fit
2749,fit
10873,fit
10803,fit
11629,fit
6949,fit
12195,fit
5732,fit
3490,fit
7896,fit
8938,fit
12756,fit
8552,fit
14042,fit
11254,fit
3234,fit
1781,fit
12868,fit
14046,fit
14497,fit
4856,fit
10224,fit
3505,fit
3150,fit
14040,fit
5067,fit
7237,fit
1036,fit
7126,fit
13902,fit
5142,fit
12594,fit
11234,fit
10240,fit
11535,fit
1958,fit
13452,fit
10318,fit
5234,fit
5622,fit
4857,fit
2881,fit
527,fit
7659,fit
12146,fit
9899,fit
790,fit
9599,fit
4346,fit
9439,fit
6210,fit
2128,fit
1639,fit
7724,fit
1746,fit
451,fit
0,fit
10845,fit
2458,fit
665,fit
9383,fit
13284,fit
7472,fit
8689,fit
7305,fit
1824,fit
2190,fit
5847,fit
3566,fit
2589,fit
2580,fit
13911,fit
11316,fit
11147,fit
13986,fit
10936,fit
15085,fit
187,fit
6551,fit
8733,fit
8007,fit
9067,fit
6569,fit
2409,fit
6315,fit
7051,fit
10618,fit
7890,fit
2751,fit
4800,fit
13940,fit
9200,fit
7767,fit
2807,fit
14937,fit
5608,fit
219,fit
3856,fit
10211,fit
11670,fit
8286,fit
14733,fit
12728,fit
12427,fit
2568,fit
9935,fit
13585,fit
8874,fit
12098,fit
15402,fit
1747,fit
8186,fit
10037,fit
12923,fit
10145,fit
2399,fit
8259,fit
6426,fit
1085,fit
12140,fit
13503,fit
7169,fit
5310,fit
9770,fit
13997,fit
3980,fit
5312,fit
4941,fit
257,fit
5052,fit
7586,fit
11207,fit
15124,fit
7646,fit
1408,fit
4053,fit
1550,fit
6192,fit
11646,fit
10580,fit
3872,fit
410,fit
3001,fit
6433,fit
13893,fit
14252,fit
8422,fit
12722,fit
11817,fit
6695,fit
3924,fit
2259,fit
4696,fit
9213,fit
8405,fit
13773,fit
9778,fit
14664,fit
811,fit
1888,fit
7334,fit
224,fit
5135,fit
12901,fit
4943,fit
8169,fit
12731,fit
9233,fit
7672,fit
13422,fit
1390,fit
12830,fit
11666,fit
8271,fit
11431,fit
7826,fit
1836,fit
7608,fit
11669,fit
1252,fit
12958,fit
8999,fit
11567,fit
11790,fit
3346,fit
11847,fit
9578,fit
6412,fit
4433,fit
770,fit
7512,fit
5149,fit
8614,fit
1730,fit
11703,fit
1627,fit
3725,fit
14745,fit
13479,fit
1087,fit
7254,fit
1130,fit
8014,fit
9970,fit
1015,fit
1539,fit
4338,fit
604,fit
5668,fit
5835,fit
5349,fit
2540,fit
2541,fit
4948,fit
10091,fit
3941,fit
2419,fit
15158,fit
13954,fit
7228,fit
3848,fit
11321,fit
4747,fit
853,fit
8993,fit
6048,fit
6407,fit
7297,fit
9477,fit
2467,fit
14256,fit
6493,fit
4915,fit
13073,fit
6472,fit
529,fit
14203,fit
8506,fit
7395,fit
13224,fit
1735,fit
13924,fit
14172,fit
14102,fit
9844,fit
1705,fit
8082,fit
1921,fit
1254,fit
12129,fit
12237,fit
8622,fit
7877,fit
2917,fit
10700,fit
13948,fit
7832,fit
6758,fit
621,fit
8820,fit
76,fit
14538,fit
7017,fit
11164,fit
10828,fit
2394,fit
4005,fit
14641,fit
5476,fit
3043,fit
12504,fit
8889,fit
4795,fit
10516,fit
13925,fit
8858,fit
5342,fit
13759,fit
9312,fit
6686,fit
12058,fit
6527,fit
5223,fit
9585,fit
13233,fit
3441,fit
10343,fit
9662,fit
1172,fit
8373,fit
7423,fit
7828,fit
11040,fit
4235,fit
1792,fit
9356,fit
11181,fit
5519,fit
10290,fit
13553,fit
13138,fit
11226,fit
927,fit
12445,fit
7660,fit
8652,fit
4603,fit
2483,fit
13153,fit
6232,fit
10608,fit
13424,fit
2015,fit
12919,fit
7086,fit
12561,fit
6360,fit
2795,fit
1431,fit
6062,fit
4224,fit
993,fit
11754,fit
4449,fit
6499,fit
10173,fit
5445,fit
1403,fit
394,fit
7076,fit
4452,fit
3193,fit
7740,fit
631,fit
2480,fit
13742,fit
12069,fit
11965,fit
9470,fit
11540,fit
6285,fit
14985,fit
2687,fit
14262,fit
12559,fit
14808,fit
4533,fit
4323,fit
3562,fit
2615,fit
1935,fit
6231,fit
4182,fit
1770,fit
2144,fit
7591,fit
1016,fit
6681,fit
5300,fit
1167,fit
4044,fit
3686,fit
5915,fit
5419,fit
8536,fit
14083,fit
2237,fit
7140,fit
7229,fit
1455,fit
1535,fit
7401,fit
7444,fit
14248,fit
14253,fit
4537,fit
14770,fit
12287,fit
3432,fit
14946,fit
12123,fit
6098,fit
9983,fit
14106,fit
6535,fit
13245,fit
7649,fit
6304,fit
374,fit
8468,fit
10187,fit
13755,fit
9283,fit
12137,fit
14935,fit
7047,fit
13747,fit
14011,fit
11920,fit
8210,fit
637,fit
14981,fit
13213,fit
2956,fit
9426,fit
8023,fit
14186,fit
8531,fit
10622,fit
8239,fit
6450,fit
7984,fit
10962,fit
8821,fit
10726,fit
6038,fit
9195,fit
10057,fit
2638,fit
3380,fit
14136,fit
4474,fit
4588,fit
8990,fit
10438,fit
7873,fit
1276,fit
12004,fit
11987,fit
8242,fit
1301,fit
13702,fit
8203,fit
8433,fit
11435,fit
2986,fit
3180,fit
1082,fit
10086,fit
397,fit
13751,fit
10235,fit
6041,fit
13362,fit
11911,fit
14295,fit
7348,fit
7442,fit
14033,fit
4152,fit
12117,fit
2582,fit
2474,fit
12263,fit
10867,fit
10692,fit
8018,fit
11450,fit
3215,fit
10992,fit
6256,fit
3135,fit
1966,fit
13526,fit
7621,fit
5620,fit
14250,fit
10320,fit
15227,fit
10713,fit
905,fit
13148,fit
14842,fit
3031,fit
14045,fit
9038,fit
2351,fit
3321,fit
589,fit
1729,fit
8913,fit
6338,fit
3545,fit
1804,fit
5529,fit
13814,fit
7806,fit
13936,fit
12883,fit
4164,fit
4833,fit
15356,fit
3093,fit
2758,fit
2532,fit
10969,fit
7918,fit
14370,fit
14805,fit
609,fit
6486,fit
6101,fit
4424,fit
11534,fit
10739,fit
1298,fit
2651,fit
10970,fit
7292,fit
13184,fit
11786,fit
12499,fit
4454,fit
6616,fit
7632,fit
7328,fit
2392,fit
15269,fit
14707,fit
5773,fit
7382,fit
15229,fit
14713,fit
4092,fit
1652,fit
1315,fit
13886,fit
6847,fit
7033,fit
980,fit
13470,fit
6876,fit
3368,fit
3489,fit
6991,fit
1332,fit
3069,fit
9106,fit
2406,fit
3366,fit
11674,fit
14446,fit
6222,fit
13825,fit
13863,fit
7102,fit
4173,fit
3901,fit
9892,fit
1603,fit
10245,fit
13380,fit
14633,fit
11564,fit
11203,fit
1279,fit
12684,fit
7172,fit
13485,fit
455,fit
6687,fit
12931,fit
9397,fit
11635,fit
2522,fit
11348,fit
10257,fit
171,fit
11683,fit
10879,fit
9877,fit
5917,fit
6057,fit
5627,fit
6033,fit
3091,fit
5166,fit
7088,fit
10747,fit
7774,fit
10868,fit
2167,fit
10806,fit
1260,fit
10383,fit
12955,fit
5095,fit
13246,fit
13000,fit
6067,fit
4326,fit
13404,fit
13555,fit
9482,fit
15083,fit
423,fit
4239,fit
1817,fit
9178,fit
1816,fit
5248,fit
12874,fit
7122,fit
3466,fit
12781,fit
4386,fit
8256,fit
4361,fit
12967,fit
11240,fit
7580,fit
4321,fit
5963,fit
5258,fit
10213,fit
4400,fit
8953,fit
11833,fit
8932,fit
7797,fit
6398,fit
9549,fit
14714,fit
14,fit
11062,fit
10170,fit
11402,fit
265,fit
14166,fit
5967,fit
1617,fit
2045,fit
10272,fit
8294,fit
568,fit
13634,fit
7809,fit
12712,fit
1545,fit
3108,fit
1436,fit
2885,fit
7483,fit
9177,fit
5453,fit
8920,fit
1992,fit
11499,fit
11944,fit
5060,fit
12609,fit
4944,fit
9887,fit
3929,fit
14090,fit
13169,fit
3875,fit
10501,fit
587,fit
4876,fit
5297,fit
13646,fit
7532,fit
12708,fit
12727,fit
11607,fit
10099,fit
9985,fit
10832,fit
5565,fit
4854,fit
13425,fit
10076,fit
14291,fit
1378,fit
4723,fit
5355,fit
13483,fit
5720,fit
5765,fit
11594,fit
2036,fit
8831,fit
1012,fit
10117,fit
9151,fit
8639,fit
12126,fit
2781,fit
8244,fit
10906,fit
10018,fit
7272,fit
11795,fit
14514,fit
10426,fit
8155,fit
14663,fit
8344,fit
4921,fit
10688,fit
12157,fit
4896,fit
4688,fit
7470,fit
5318,fit
14209,fit
14586,fit
7807,fit
12084,fit
3287,fit
3324,fit
1608,fit
8328,fit
5252,fit
2851,fit
14673,fit
12979,fit
10565,fit
640,fit
7367,fit
9629,fit
9215,fit
12292,fit
9608,fit
13629,fit
5586,fit
1006,fit
6760,fit
1051,fit
3132,fit
11910,fit
14236,fit
13249,fit
11075,fit
9238,fit
9273,fit
9709,fit
14159,fit
2121,fit
3534,fit
7547,fit
591,fit
9489,fit
9000,fit
6013,fit
4304,fit
6200,fit
10382,fit
9385,fit
94,fit
701,fit
13419,fit
4316,fit
10016,fit
1568,fit
9144,fit
5710,fit
13449,fit
4964,fit
12138,fit
2087,fit
5022,fit
4736,fit
9339,fit
2622,fit
2213,fit
10353,fit
14906,fit
11383,fit
6230,fit
11615,fit
9896,fit
7569,fit
4501,fit
14075,fit
11946,fit
10778,fit
6796,fit
2444,fit
10742,fit
6757,fit
4509,fit
5984,fit
4146,fit
2159,fit
10814,fit
12597,fit
4038,fit
6203,fit
13250,fit
2740,fit
7438,fit
6678,fit
6204,fit
10644,fit
7811,fit
6244,fit
10827,fit
9367,fit
9484,fit
13758,fit
7436,fit
7568,fit
2143,fit
11480,fit
5267,fit
12457,fit
14120,fit
10567,fit
11397,fit
12282,fit
3772,fit
12567,fit
12947,fit
9450,fit
12578,fit
14171,fit
3911,fit
4763,fit
12855,fit
2729,fit
2433,fit
13638,fit
9839,fit
10487,fit
12925,fit
5941,fit
782,fit
14597,fit
8182,fit
10928,fit
13790,fit
688,fit
7754,fit
4969,fit
13050,fit
9074,fit
13443,fit
1158,fit
14771,fit
7573,fit
15184,fit
6577,fit
10291,fit
14941,fit
12681,fit
14962,fit
3141,fit
1677,fit
3253,fit
3079,fit
8526,fit
83,fit
8791,fit
6462,fit
2515,fit
1641,fit
7151,fit
10689,fit
997,fit
237,fit
2124,fit
14322,fit
4756,fit
11677,fit
6077,fit
3120,fit
12920,fit
4385,fit
1280,fit
6008,fit
14832,fit
13133,fit
4815,fit
317,fit
9849,fit
15264,fit
10563,fit
4477,fit
8845,fit
7875,fit
9332,fit
8809,fit
14790,fit
10783,fit
9129,fit
10715,fit
3917,fit
6839,fit
13630,fit
14294,fit
6248,fit
5370,fit
11631,fit
432,fit
6617,fit
669,fit
8279,fit
7858,fit
5403,fit
2327,fit
1402,fit
3833,fit
781,fit
4899,fit
1406,fit
2989,fit
1038,fit
11609,fit
3144,fit
13106,fit
3295,fit
2688,fit
9691,fit
15046,fit
4919,fit
1953,fit
590,fit
14449,fit
14094,fit
2811,fit
773,fit
11101,fit
2787,fit
2336,fit
1555,fit
6242,fit
13519,fit
12506,fit
7706,fit
3568,fit
1694,fit
14923,fit
10262,fit
3878,fit
13316,fit
8187,fit
6556,fit
7630,fit
8994,fit
13920,fit
9168,fit
14369,fit
11820,fit
12586,fit
8113,fit
9054,fit
13784,fit
11003,fit
9387,fit
13989,fit
3504,fit
8140,fit
2739,fit
14326,fit
5682,fit
6142,fit
2129,fit
5926,fit
14031,fit
13891,fit
15295,fit
4121,fit
524,fit
2220,fit
14694,fit
11000,fit
10250,fit
7380,fit
8503,fit
8712,fit
13580,fit
7443,fit
9140,fit
12159,fit
2774,fit
5161,fit
10573,fit
7356,fit
13462,fit
5325,fit
2914,fit
2454,fit
7876,fit
6335,fit
10002,fit
10313,fit
1162,fit
12413,fit
15057,fit
1313,fit
10431,fit
5013,fit
861,fit
12802,fit
6944,fit
515,fit
929,fit
1282,fit
7231,fit
5074,fit
14961,fit
10449,fit
6373,fit
12128,fit
13595,fit
11715,fit
5147,fit
4166,fit
9934,fit
5317,fit
2226,fit
813,fit
8684,fit
3298,fit
269,fit
11849,fit
11399,fit
5461,fit
8852,fit
9246,fit
4102,fit
5845,fit
1375,fit
8658,fit
10342,fit
11832,fit
12240,fit
7490,fit
13207,fit
10731,fit
941,fit
13915,fit
10840,fit
9911,fit
13440,fit
9928,fit
9392,fit
14939,fit
3121,fit
1892,fit
11266,fit
11309,fit
6289,fit
13714,fit
1605,fit
13438,fit
7743,fit
2376,fit
15211,fit
11445,fit
30,fit
3130,fit
12592,fit
4619,fit
339,fit
12288,fit
10571,fit
4621,fit
7884,fit
7843,fit
10503,fit
913,fit
4138,fit
1853,fit
11273,fit
300,fit
14629,fit
1022,fit
11772,fit
7006,fit
817,fit
8230,fit
12552,fit
5471,fit
4285,fit
3310,fit
5815,fit
8626,fit
3762,fit
13469,fit
6390,fit
5324,fit
15023,fit
235,fit
7198,fit
5290,fit
14660,fit
1963,fit
6720,fit
3088,fit
11460,fit
13958,fit
2922,fit
11985,fit
15167,fit
11907,fit
12206,fit
880,fit
13658,fit
2565,fit
14547,fit
3921,fit
11247,fit
3325,fit
15197,fit
3698,fit
5044,fit
13799,fit
8383,fit
14428,fit
7825,fit
184,fit
763,fit
8325,fit
9619,fit
4690,fit
8735,fit
3726,fit
12512,fit
12796,fit
991,fit
5026,fit
15419,fit
7675,fit
1312,fit
5477,fit
2354,fit
2110,fit
6685,fit
5162,fit
9927,fit
4317,fit
1864,fit
3768,fit
4673,fit
9413,fit
6911,fit
9977,fit
2267,fit
5150,fit
9912,fit
1798,fit
12342,fit
10361,fit
4100,fit
8610,fit
4180,fit
7692,fit
13513,fit
10443,fit
1498,fit
15259,fit
3880,fit
5302,fit
14723,fit
12733,fit
5902,fit
8793,fit
14084,fit
14274,fit
8088,fit
11560,fit
7808,fit
10118,fit
9089,fit
6490,fit
4594,fit
6581,fit
11113,fit
12152,fit
5661,fit
13778,fit
13685,fit
10469,fit
11185,fit
12431,fit
1572,fit
2471,fit
7852,fit
10088,fit
2951,fit
7717,fit
14086,fit
12933,fit
9782,fit
8136,fit
10496,fit
1679,fit
1910,fit
510,fit
3434,fit
2705,fit
12352,fit
9375,fit
1486,fit
3143,fit
5522,fit
11895,fit
897,fit
10266,fit
727,fit
886,fit
8810,fit
8122,fit
11334,fit
6051,fit
3090,fit
9247,fit
11155,fit
11332,fit
11444,fit
14184,fit
5916,fit
12398,fit
4006,fit
10967,fit
109,fit
12519,fit
10252,fit
14434,fit
13497,fit
15102,fit
6912,fit
5083,fit
5309,fit
5035,fit
10058,fit
7902,fit
2953,fit
8342,fit
13649,fit
10096,fit
10307,fit
2794,fit
10131,fit
2103,fit
9500,fit
12308,fit
8603,fit
8775,fit
10767,fit
4335,fit
10221,fit
3229,fit
5964,fit
3338,fit
6619,fit
1073,fit
12746,fit
3015,fit
4215,fit
13655,fit
13087,fit
7471,fit
5154,fit
8311,fit
3605,fit
14200,fit
14265,fit
14477,fit
15077,fit
5591,fit
3239,fit
12516,fit
6624,fit
2398,fit
2485,fit
429,fit
1648,fit
6640,fit
7315,fit
2294,fit
7283,fit
812,fit
7130,fit
890,fit
1946,fit
2430,fit
5598,fit
8428,fit
130,fit
13092,fit
5208,fit
145,fit
14016,fit
13020,fit
9606,fit
7790,fit
11126,fit
10482,fit
12310,fit
15064,fit
13382,fit
11771,fit
5247,fit
5759,fit
3741,fit
273,fit
9079,fit
2671,fit
559,fit
3123,fit
13131,fit
1587,fit
6654,fit
2395,fit
12697,fit
7131,fit
7914,fit
9370,fit
13385,fit
1078,fit
6653,fit
11960,fit
13914,fit
13022,fit
62,fit
9988,fit
14871,fit
13523,fit
14598,fit
13843,fit
14575,fit
6584,fit
13620,fit
8124,fit
9149,fit
4147,fit
4233,fit
3134,fit
10276,fit
1594,fit
44,fit
5976,fit
15061,fit
14266,fit
11883,fit
15239,fit
7817,fit
10791,fit
14860,fit
3666,fit
5881,fit
3044,fit
10551,fit
12531,fit
9134,fit
13086,fit
13326,fit
6507,fit
8103,fit
8436,fit
15270,fit
12836,fit
12538,fit
9155,fit
320,fit
6954,fit
5782,fit
2097,fit
1515,fit
668,fit
3228,fit
954,fit
8863,fit
8369,fit
9530,fit
425,fit
9630,fit
3797,fit
4707,fit
5088,fit
6484,fit
2071,fit
4880,fit
5628,fit
7011,fit
563,fit
8744,fit
7801,fit
10560,fit
13624,fit
13894,fit
12843,fit
105,fit
6673,fit
10427,fit
13736,fit
554,fit
7862,fit
6459,fit
8542,fit
9013,fit
12062,fit
431,fit
9109,fit
4122,fit
1987,fit
13032,fit
11514,fit
12336,fit
14910,fit
11204,fit
11734,fit
2682,fit
351,fit
5761,fit
9210,fit
102,fit
6754,fit
5525,fit
13539,fit
13433,fit
12667,fit
1558,fit
11722,fit
8117,fit
5063,fit
2407,fit
8903,fit
2347,fit
9344,fit
1314,fit
10258,fit
3907,fit
878,fit
14300,fit
12359,fit
12390,fit
7353,fit
14870,fit
13996,fit
6028,fit
8694,fit
8454,fit
12639,fit
11381,fit
5957,fit
12903,fit
14219,fit
15250,fit
7952,fit
5736,fit
5733,fit
11295,fit
14830,fit
15107,fit
11369,fit
9881,fit
14611,fit
14535,fit
8762,fit
14144,fit
1171,fit
2239,fit
11523,fit
15247,fit
9737,fit
14175,fit
9528,fit
11426,fit
2476,fit
7769,fit
3854,fit
1139,fit
1429,fit
6549,fit
8345,fit
5009,fit
614,fit
6227,fit
5946,fit
2895,fit
10733,fit
6579,fit
9214,fit
2835,fit
14005,fit
6644,fit
15029,fit
10012,fit
3177,fit
5198,fit
15393,fit
8724,fit
1822,fit
178,fit
2569,fit
6272,fit
328,fit
9035,fit
15350,fit
4650,fit
2428,fit
8032,fit
571,fit
11386,fit
12103,fit
12977,fit
6246,fit
12503,fit
10203,fit
9291,fit
2634,fit
13570,fit
4429,fit
12468,fit
10333,fit
7574,fit
14724,fit
6327,fit
11871,fit
6124,fit
5006,fit
13857,fit
9172,fit
3232,fit
3061,fit
11816,fit
11373,fit
4628,fit
14364,fit
15410,fit
1294,fit
13263,fit
9534,fit
6029,fit
10667,fit
728,fit
1990,fit
4713,fit
10558,fit
11038,fit
7735,fit
1207,fit
12441,fit
807,fit
13135,fit
5215,fit
3979,fit
5594,fit
3056,fit
14552,fit
555,fit
14931,fit
2006,fit
7631,fit
15282,fit
14241,fit
14888,fit
2452,fit
951,fit
249,fit
14433,fit
12183,fit
10087,fit
9836,fit
2233,fit
7728,fit
13308,fit
12780,fit
407,fit
15291,fit
13861,fit
14024,fit
10986,fit
8321,fit
1562,fit
4359,fit
7365,fit
6365,fit
9020,fit
8928,fit
3021,fit
11726,fit
12254,fit
3912,fit
6159,fit
11690,fit
12818,fit
3244,fit
9270,fit
6510,fit
12887,fit
7521,fit
4162,fit
9845,fit
8292,fit
12978,fit
8700,fit
312,fit
1354,fit
2872,fit
7874,fit
655,fit
14399,fit
8578,fit
11584,fit
1751,fit
2158,fit
9355,fit
9228,fit
10408,fit
6040,fit
12748,fit
14761,fit
123,fit
13617,fit
2170,fit
3376,fit
3067,fit
2987,fit
503,fit
10028,fit
10681,fit
15417,fit
4820,fit
10897,fit
42,fit
10357,fit
5489,fit
5066,fit
10996,fit
14339,fit
9791,fit
13179,fit
12481,fit
12646,fit
11449,fit
12233,fit
1299,fit
2595,fit
14426,fit
7458,fit
6026,fit
14816,fit
11951,fit
227,fit
4266,fit
3162,fit
6252,fit
10759,fit
13405,fit
10468,fit
11193,fit
2024,fit
611,fit
8295,fit
344,fit
521,fit
9371,fit
12217,fit
3657,fit
4890,fit
2563,fit
8866,fit
5274,fit
1105,fit
11076,fit
9531,fit
7106,fit
4585,fit
12267,fit
12328,fit
3224,fit
8283,fit
5896,fit
2073,fit
5401,fit
11521,fit
3146,fit
13391,fit
2534,fit
5825,fit
8797,fit
8165,fit
4768,fit
10073,fit
14039,fit
877,fit
6743,fit
10300,fit
11242,fit
9679,fit
3237,fit
13603,fit
10709,fit
3286,fit
9289,fit
14352,fit
4054,fit
190,fit
3278,fit
2538,fit
4198,fit
3447,fit
7538,fit
9746,fit
12677,fit
6957,fit
2277,fit
7812,fit
4737,fit
11257,fit
7484,fit
2486,fit
9440,fit
8817,fit
7864,fit
13656,fit
8596,fit
6862,fit
4356,fit
14704,fit
9485,fit
4697,fit
10999,fit
7995,fit
4332,fit
8656,fit
13495,fit
12630,fit
11023,fit
259,fit
2179,fit
10178,fit
13673,fit
1046,fit
12118,fit
741,fit
1596,fit
2804,fit
5491,fit
1055,fit
14215,fit
1651,fit
7093,fit
10048,fit
1940,fit
4883,fit
6069,fit
4908,fit
7589,fit
12420,fit
2627,fit
8491,fit
4107,fit
8550,fit
8463,fit
10529,fit
2469,fit
6708,fit
4847,fit
3392,fit
3638,fit
1462,fit
793,fit
6797,fit
299,fit
6827,fit
1872,fit
2893,fit
2451,fit
8914,fit
13174,fit
14993,fit
5100,fit
9458,fit
12984,fit
15090,fit
1601,fit
4842,fit
4822,fit
6153,fit
786,fit
12725,fit
4938,fit
5581,fit
10456,fit
7906,fit
11599,fit
5949,fit
12196,fit
11319,fit
13442,fit
3491,fit
9873,fit
2247,fit
2497,fit
7150,fit
14174,fit
6541,fit
11484,fit
15213,fit
13590,fit
11111,fit
11929,fit
8832,fit
13288,fit
11298,fit
1893,fit
4295,fit
9488,fit
5770,fit
8284,fit
10334,fit
8218,fit
6612,fit
10167,fit
4302,fit
8868,fit
141,fit
10623,fit
10388,fit
256,fit
4766,fit
5183,fit
1013,fit
1178,fit
10994,fit
3104,fit
2178,fit
4482,fit
14651,fit
1993,fit
12114,fit
11485,fit
7604,fit
15285,fit
8589,fit
7072,fit
13175,fit
6746,fit
7651,fit
7188,fit
4718,fit
11063,fit
6956,fit
15100,fit
7871,fit
12039,fit
5950,fit
1420,fit
12632,fit
849,fit
11938,fit
1108,fit
5887,fit
3328,fit
895,fit
12074,fit
2369,fit
11647,fit
12521,fit
3532,fit
10433,fit
8329,fit
7912,fit
6788,fit
13786,fit
14826,fit
3406,fit
13330,fit
14912,fit
14863,fit
5442,fit
5410,fit
4874,fit
12675,fit
9756,fit
8160,fit
10772,fit
9588,fit
9712,fit
13969,fit
2122,fit
6147,fit
7300,fit
1305,fit
10989,fit
4612,fit
6941,fit
6859,fit
6001,fit
11272,fit
12580,fit
5789,fit
14950,fit
13005,fit
504,fit
4186,fit
4309,fit
5689,fit
5414,fit
3869,fit
12110,fit
15185,fit
14676,fit
10360,fit
9937,fit
8360,fit
9015,fit
3591,fit
13883,fit
1611,fit
3352,fit
11116,fit
9862,fit
4203,fit
11093,fit
6414,fit
3540,fit
4329,fit
9722,fit
3066,fit
8353,fit
9920,fit
1997,fit
1469,fit
13901,fit
662,fit
4375,fit
3785,fit
3288,fit
85,fit
14117,fit
137,fit
9096,fit
772,fit
5536,fit
5653,fit
5911,fit
11351,fit
4751,fit
3958,fit
10366,fit
403,fit
6613,fit
13672,fit
13768,fit
12911,fit
3699,fit
369,fit
744,fit
133,fit
4832,fit
13609,fit
4683,fit
5240,fit
13692,fit
1546,fit
11539,fit
738,fit
11842,fit
3458,fit
13085,fit
13947,fit
11438,fit
3524,fit
9486,fit
5361,fit
9185,fit
12191,fit
8812,fit
4070,fit
4111,fit
3943,fit
2108,fit
1450,fit
9319,fit
470,fit
5666,fit
3198,fit
11006,fit
4709,fit
5173,fit
97,fit
13607,fit
12361,fit
8465,fit
1348,fit
1453,fit
14110,fit
14835,fit
14521,fit
65,fit
8276,fit
12908,fit
10552,fit
2746,fit
11617,fit
8226,fit
9542,fit
872,fit
10537,fit
14926,fit
8235,fit
8065,fit
3915,fit
6461,fit
11305,fit
14185,fit
284,fit
8022,fit
3822,fit
5982,fit
13236,fit
8277,fit
6030,fit
2364,fit
4293,fit
2712,fit
8751,fit
10160,fit
7909,fit
10328,fit
5070,fit
4700,fit
68,fit
2172,fit
922,fit
7247,fit
3353,fit
1731,fit
8202,fit
3798,fit
5087,fit
10554,fit
7833,fit
2727,fit
7633,fit
834,fit
4437,fit
7700,fit
5032,fit
5101,fit
2322,fit
15226,fit
9978,fit
13855,fit
1964,fit
13831,fit
11115,fit
6550,fit
10596,fit
2799,fit
13260,fit
14736,fit
8507,fit
15119,fit
5197,fit
3795,fit
7265,fit
2923,fit
1040,fit
13423,fit
15112,fit
15279,fit
13691,fit
12290,fit
10965,fit
15006,fit
4114,fit
11110,fit
7225,fit
9073,fit
14601,fit
10476,fit
13704,fit
5869,fit
1709,fit
9094,fit
1091,fit
3478,fit
7296,fit
1586,fit
4606,fit
2161,fit
9321,fit
12127,fit
6277,fit
8485,fit
9584,fit
8856,fit
1786,fit
4369,fit
11055,fit
10217,fit
10756,fit
4327,fit
5089,fit
12593,fit
8761,fit
13043,fit
10247,fit
10376,fit
1180,fit
147,fit
14782,fit
1444,fit
15198,fit
13301,fit
11355,fit
1028,fit
8002,fit
969,fit
7105,fit
2098,fit
5801,fit
11685,fit
14114,fit
14228,fit
11704,fit
4076,fit
9951,fit
10694,fit
8850,fit
3992,fit
10793,fit
14868,fit
7167,fit
14129,fit
14088,fit
13975,fit
10822,fit
1862,fit
9338,fit
5446,fit
9448,fit
14789,fit
9665,fit
943,fit
739,fit
12995,fit
2297,fit
11913,fit
1736,fit
5237,fit
13018,fit
4172,fit
6386,fit
5945,fit
14737,fit
12707,fit
13506,fit
15248,fit
12916,fit
1965,fit
13486,fit
4365,fit
11638,fit
5930,fit
12273,fit
11848,fit
8641,fit
12542,fit
4656,fit
10776,fit
10184,fit
8802,fit
4516,fit
11887,fit
8549,fit
12482,fit
10495,fit
6638,fit
12637,fit
7592,fit
3142,fit
7793,fit
15153,fit
13708,fit
10041,fit
1224,fit
10470,fit
12940,fit
2757,fit
13730,fit
1380,fit
11237,fit
8855,fit
1407,fit
1609,fit
8667,fit
10020,fit
14138,fit
7040,fit
8921,fit
5366,fit
10007,fit
2948,fit
6500,fit
7869,fit
10277,fit
4373,fit
9633,fit
9473,fit
14666,fit
12750,fit
2991,fit
12511,fit
2141,fit
195,fit
221,fit
4824,fit
14208,fit
3151,fit
11283,fit
9455,fit
11109,fit
14452,fit
6442,fit
11903,fit
729,fit
15130,fit
2301,fit
14059,fit
12759,fit
6452,fit
1657,fit
15094,fit
10902,fit
3168,fit
7768,fit
3723,fit
5900,fit
7449,fit
6494,fit
857,fit
12607,fit
7290,fit
10773,fit
5402,fit
11660,fit
7149,fit
10316,fit
3476,fit
1805,fit
1842,fit
11762,fit
6600,fit
13446,fit
9405,fit
6336,fit
3252,fit
437,fit
3748,fit
9282,fit
8675,fit
2335,fit
10737,fit
14378,fit
15140,fit
3059,fit
2904,fit
1303,fit
4819,fit
10950,fit
2061,fit
14188,fit
4064,fit
4154,fit
11418,fit
3866,fit
6542,fit
3374,fit
10956,fit
4399,fit
6346,fit
12046,fit
3709,fit
10837,fit
7427,fit
3033,fit
4262,fit
9230,fit
5910,fit
12659,fit
3826,fit
9868,fit
9514,fit
13939,fit
8457,fit
12231,fit
2620,fit
7990,fit
2845,fit
1388,fit
3718,fit
8395,fit
11561,fit
91,fit
23,fit
6692,fit
8962,fit
13253,fit
15332,fit
1411,fit
14873,fit
12556,fit
9157,fit
1056,fit
7232,fit
9098,fit
287,fit
14443,fit
3391,fit
8184,fit
6207,fit
5840,fit
4378,fit
11505,fit
12971,fit
3654,fit
709,fit
4630,fit
6752,fit
1155,fit
11555,fit
10448,fit
180,fit
15380,fit
1234,fit
8401,fit
10230,fit
14183,fit
12219,fit
2848,fit
6428,fit
9436,fit
9420,fit
8837,fit
7486,fit
2373,fit
10762,fit
3788,fit
3809,fit
5378,fit
293,fit
11461,fit
10428,fit
11017,fit
4409,fit
10045,fit
3653,fit
4512,fit
14528,fit
6787,fit
7644,fit
7766,fit
5365,fit
11964,fit
11454,fit
5500,fit
760,fit
7399,fit
509,fit
5897,fit
2674,fit
11068,fit
13100,fit
2340,fit
7536,fit
4135,fit
11144,fit
5872,fit
10766,fit
4425,fit
13816,fit
12082,fit
12835,fit
3641,fit
8862,fit
1216,fit
14657,fit
10336,fit
14833,fit
10860,fit
5167,fit
1355,fit
921,fit
11362,fit
5177,fit
1760,fit
15299,fit
11498,fit
8180,fit
6306,fit
12589,fit
6737,fit
14071,fit
8698,fit
1684,fit
4413,fit
12772,fit
8148,fit
13536,fit
11588,fit
8758,fit
3262,fit
13270,fit
9681,fit
10961,fit
12203,fit
8613,fit
10040,fit
4287,fit
9107,fit
9577,fit
4782,fit
1693,fit
7454,fit
6899,fit
12223,fit
3171,fit
5749,fit
2133,fit
14212,fit
6009,fit
2437,fit
3744,fit
11891,fit
4150,fit
12211,fit
4582,fit
4455,fit
122,fit
13386,fit
4513,fit
7816,fit
12358,fit
5479,fit
5011,fit
7277,fit
14470,fit
7938,fit
3679,fit
5120,fit
11592,fit
13171,fit
4401,fit
5660,fit
5626,fit
11577,fit
6570,fit
9254,fit
7462,fit
11654,fit
8847,fit
4998,fit
12251,fit
12030,fit
14545,fit
5909,fit
1985,fit
270,fit
215,fit
713,fit
11263,fit
3539,fit
10231,fit
6614,fit
15354,fit
5807,fit
910,fit
1758,fit
10512,fit
14427,fit
14997,fit
2653,fit
9922,fit
1416,fit
13512,fit
9623,fit
10351,fit
13640,fit
8121,fit
11091,fit
308,fit
11580,fit
1483,fit
13090,fit
6825,fit
5805,fit
8392,fit
6375,fit
15024,fit
15278,fit
9180,fit
2331,fit
12060,fit
3529,fit
5444,fit
14211,fit
7392,fit
11570,fit
11495,fit
11158,fit
5545,fit
14072,fit
12354,fit
7129,fit
11379,fit
12113,fit
5809,fit
11479,fit
5460,fit
4220,fit
3777,fit
12245,fit
11662,fit
3383,fit
10798,fit
5110,fit
7337,fit
4981,fit
7915,fit
12229,fit
3950,fit
13716,fit
494,fit
15007,fit
5995,fit
7878,fit
1323,fit
8460,fit
2581,fit
9253,fit
1778,fit
12148,fit
1452,fit
9447,fit
3119,fit
10921,fit
10259,fit
4484,fit
14354,fit
9761,fit
5481,fit
6647,fit
12863,fit
2199,fit
716,fit
3816,fit
1106,fit
12383,fit
7143,fit
8047,fit
15357,fit
5819,fit
6354,fit
4308,fit
15174,fit
3593,fit
7619,fit
12842,fit
1995,fit
6291,fit
1896,fit
3640,fit
14181,fit
8941,fit
7286,fit
8879,fit
15224,fit
9009,fit
12857,fit
1691,fit
6218,fit
345,fit
9142,fit
6950,fit
3165,fit
8569,fit
6099,fit
7178,fit
12749,fit
13579,fit
2205,fit
7588,fit
1708,fit
12825,fit
775,fit
6546,fit
14920,fit
14740,fit
6275,fit
8222,fit
10066,fit
2274,fit
13128,fit
14133,fit
11106,fit
13586,fit
13562,fit
5438,fit
4157,fit
11338,fit
10971,fit
2011,fit
5069,fit
5504,fit
334,fit
11794,fit
2967,fit
336,fit
14505,fit
14617,fit
12574,fit
10463,fit
14829,fit
182,fit
14721,fit
6082,fit
303,fit
7170,fit
7923,fit
5321,fit
13927,fit
10239,fit
5637,fit
6795,fit
1202,fit
580,fit
5780,fit
4984,fit
5703,fit
9278,fit
12537,fit
439,fit
11713,fit
1385,fit
2862,fit
13836,fit
14726,fit
3765,fit
8192,fit
1070,fit
2879,fit
3081,fit
4381,fit
9823,fit
8299,fit
7476,fit
13191,fit
8444,fit
1018,fit
2126,fit
7161,fit
5038,fit
7421,fit
11724,fit
4101,fit
3277,fit
4432,fit
3900,fit
8842,fit
5691,fit
5656,fit
5589,fit
8759,fit
12443,fit
5344,fit
13812,fit
4031,fit
6176,fit
6334,fit
7457,fit
13062,fit
15330,fit
12893,fit
7821,fit
4013,fit
531,fit
10570,fit
10701,fit
11312,fit
9294,fit
4435,fit
4601,fit
12687,fit
1588,fit
264,fit
608,fit
6851,fit
10543,fit
14572,fit
1421,fit
7358,fit
15132,fit
8336,fit
1914,fit
2005,fit
14623,fit
1076,fit
1714,fit
1277,fit
3073,fit
1140,fit
13981,fit
10144,fit
12278,fit
4499,fit
7540,fit
5404,fit
5202,fit
6593,fit
4755,fit
4046,fit
3810,fit
414,fit
3343,fit
5152,fit
1157,fit
8828,fit
5129,fit
3769,fit
1422,fit
4143,fit
9822,fit
15163,fit
10553,fit
6239,fit
6344,fit
5239,fit
8418,fit
2797,fit
6367,fit
4305,fit
6921,fit
11927,fit
13298,fit
10621,fit
6235,fit
10152,fit
6532,fit
12895,fit
13760,fit
11801,fit
7758,fit
6767,fit
12382,fit
7650,fit
7045,fit
6149,fit
6908,fit
11627,fit
7760,fit
3937,fit
10335,fit
3214,fit
12124,fit
3257,fit
11716,fit
464,fit
8592,fit
13428,fit
12657,fit
5039,fit
13262,fit
2798,fit
2761,fit
11483,fit
9544,fit
9621,fit
2943,fit
9223,fit
4358,fit
7998,fit
15223,fit
15033,fit
12950,fit
15333,fit
792,fit
5016,fit
6197,fit
899,fit
13661,fit
3226,fit
11886,fit
983,fit
8974,fit
12459,fit
11130,fit
5532,fit
5374,fit
9199,fit
3111,fit
6381,fit
10140,fit
11664,fit
6939,fit
4861,fit
14580,fit
3274,fit
12850,fit
3174,fit
4812,fit
9655,fit
9557,fit
8050,fit
4211,fit
2816,fit
8191,fit
10128,fit
8120,fit
5968,fit
14187,fit
5459,fit
14634,fit
5758,fit
9667,fit
11282,fit
6321,fit
1701,fit
11778,fit
9697,fit
3421,fit
5501,fit
15157,fit
12623,fit
5211,fit
4905,fit
4279,fit
12313,fit
725,fit
3025,fit
1508,fit
11105,fit
13300,fit
12736,fit
6701,fit
10588,fit
360,fit
4655,fit
14095,fit
9080,fit
1732,fit
5673,fit
9609,fit
7563,fit
4568,fit
8816,fit
12626,fit
6544,fit
9008,fit
2405,fit
331,fit
4367,fit
9506,fit
9404,fit
6172,fit
13767,fit
7256,fit
11140,fit
5499,fit
3508,fit
10345,fit
12490,fit
8661,fit
1327,fit
2699,fit
14567,fit
8702,fit
1863,fit
4586,fit
3265,fit
7312,fit
15409,fit
8081,fit
7764,fit
86,fit
7163,fit
40,fit
10872,fit
7741,fit
6540,fit
10624,fit
2865,fit
12469,fit
13792,fit
5561,fit
13645,fit
5125,fit
6110,fit
5352,fit
4553,fit
2832,fit
2466,fit
3333,fit
13762,fit
2470,fit
13838,fit
14606,fit
12491,fit
12862,fit
14111,fit
3129,fit
5099,fit
11898,fit
14628,fit
6981,fit
7175,fit
14922,fit
2448,fit
5178,fit
4230,fit
4960,fit
10948,fit
5899,fit
473,fit
12738,fit
8339,fit
7352,fit
11122,fit
13406,fit
14237,fit
13959,fit
15161,fit
693,fit
14706,fit
1727,fit
8927,fit
1790,fit
6545,fit
4764,fit
12636,fit
10559,fit
14880,fit
975,fit
13291,fit
13864,fit
14145,fit
10162,fit
8262,fit
2092,fit
14053,fit
8502,fit
8789,fit
2030,fit
11261,fit
3719,fit
11937,fit
2176,fit
2974,fit
8665,fit
13464,fit
7748,fit
8313,fit
10729,fit
1425,fit
892,fit
13582,fit
14169,fit
8634,fit
5752,fit
5164,fit
7777,fit
6130,fit
2049,fit
11354,fit
15329,fit
5729,fit
4864,fit
7422,fit
8045,fit
14085,fit
12442,fit
11529,fit
1634,fit
1233,fit
7307,fit
3347,fit
6590,fit
10385,fit
1772,fit
15098,fit
11286,fit
8949,fit
7004,fit
1199,fit
6483,fit
11442,fit
7885,fit
8217,fit
13493,fit
8970,fit
14254,fit
6115,fit
14900,fit
11208,fit
1600,fit
6417,fit
9959,fit
9750,fit
14760,fit
14948,fit
10838,fit
5171,fit
3084,fit
13203,fit
15370,fit
6238,fit
74,fit
9768,fit
8884,fit
7765,fit
9902,fit
15138,fit
2937,fit
545,fit
9187,fit
13472,fit
10802,fit
9798,fit
862,fit
11565,fit
11016,fit
6815,fit
8945,fit
1717,fit
2691,fit
7318,fit
11066,fit
13079,fit
1093,fit
11377,fit
15381,fit
8272,fit
5394,fit
11458,fit
13681,fit
15027,fit
399,fit
13889,fit
5834,fit
3662,fit
2302,fit
3511,fit
2710,fit
2152,fit
14329,fit
1591,fit
4067,fit
11330,fit
11909,fit
7560,fit
2755,fit
4651,fit
8718,fit
8370,fit
15004,fit
11142,fit
8347,fit
9698,fit
10750,fit
8470,fit
1838,fit
2296,fit
5727,fit
11995,fit
11966,fit
3152,fit
8555,fit
9445,fit
10511,fit
6164,fit
6557,fit
4853,fit
10042,fit
8249,fit
11921,fit
152,fit
9031,fit
13739,fit
5412,fit
9738,fit
7391,fit
6039,fit
5579,fit
14472,fit
5977,fit
10514,fit
14281,fit
8896,fit
7715,fit
6615,fit
13195,fit
9645,fit
1610,fit
3063,fit
12102,fit
3438,fit
1525,fit
3172,fit
6208,fit
14802,fit
5588,fit
5980,fit
8963,fit
2954,fit
9871,fit
2697,fit
10669,fit
8156,fit
4229,fit
12755,fit
5256,fit
14772,fit
3874,fit
6446,fit
9357,fit
15202,fit
12692,fit
13763,fit
11519,fit
14548,fit
2218,fit
3852,fit
10038,fit
2203,fit
3536,fit
5792,fit
13459,fit
8419,fit
14972,fit
1325,fit
14347,fit
9359,fit
14191,fit
4428,fit
12821,fit
2913,fit
14878,fit
14564,fit
4777,fit
14901,fit
1326,fit
4201,fit
7071,fit
6928,fit
18,fit
10094,fit
8948,fit
15275,fit
7417,fit
12026,fit
10907,fit
12705,fit
8233,fit
866,fit
8352,fit
1268,fit
12627,fit
13058,fit
11999,fit
14543,fit
14017,fit
11695,fit
13682,fit
1590,fit
368,fit
12423,fit
6664,fit
696,fit
5523,fit
4459,fit
9674,fit
13705,fit
1979,fit
10097,fit
2304,fit
7985,fit
11085,fit
2252,fit
15266,fit
11739,fit
14421,fit
13599,fit
7848,fit
4916,fit
3335,fit
8461,fit
11516,fit
15091,fit
10744,fit
2309,fit
8604,fit
5526,fit
6178,fit
6401,fit
6840,fit
1099,fit
3425,fit
6979,fit
5772,fit
6175,fit
9115,fit
12899,fit
4702,fit
5136,fit
7416,fit
1738,fit
14108,fit
12351,fit
14647,fit
2995,fit
12090,fit
5065,fit
7618,fit
2027,fit
3789,fit
14542,fit
1175,fit
13888,fit
4634,fit
11385,fit
10243,fit
5937,fit
159,fit
5981,fit
7441,fit
9328,fit
15253,fit
7366,fit
1465,fit
5751,fit
6745,fit
13359,fit
2573,fit
9480,fit
3963,fit
3841,fit
2413,fit
9206,fit
15416,fit
3966,fit
8051,fit
10348,fit
14688,fit
12013,fit
1236,fit
10609,fit
9348,fit
6126,fit
3802,fit
3843,fit
10813,fit
13955,fit
6240,fit
14239,fit
3429,fit
4567,fit
12658,fit
7880,fit
120,fit
13614,fit
13898,fit
808,fit
3889,fit
15261,fit
9933,fit
13970,fit
3756,fit
15030,fit
3688,fit
958,fit
7503,fit
2916,fit
11027,fit
8568,fit
5210,fit
10078,fit
5848,fit
12097,fit
9994,fit
9984,fit
5647,fit
9666,fit
82,fit
13118,fit
3766,fit
4849,fit
15103,fit
14418,fit
15,fit
14735,fit
652,fit
12038,fit
2645,fit
3973,fit
578,fit
3819,fit
4494,fit
8690,fit
14223,fit
4074,fit
310,fit
5695,fit
4979,fit
15056,fit
14115,fit
9964,fit
12704,fit
1688,fit
9647,fit
7404,fit
7578,fit
12435,fit
1843,fit
12008,fit
13952,fit
14983,fit
9905,fit
2401,fit
13458,fit
2501,fit
759,fit
4653,fit
12867,fit
2821,fit
9926,fit
11972,fit
2820,fit
8559,fit
5975,fit
8524,fit
9727,fit
3038,fit
9373,fit
8467,fit
127,fit
6351,fit
13234,fit
12763,fit
6831,fit
4840,fit
7289,fit
4595,fit
179,fit
10268,fit
1616,fit
1112,fit
14076,fit
810,fit
3759,fit
6958,fit
15294,fit
14701,fit
7866,fit
11890,fit
14390,fit
8354,fit
12448,fit
6293,fit
9628,fit
15126,fit
12374,fit
1637,fit
15244,fit
156,fit
4843,fit
3379,fit
8834,fit
13772,fit
13879,fit
1231,fit
12032,fit
948,fit
8469,fit
2518,fit
14679,fit
2250,fit
10979,fit
13488,fit
12907,fit
10324,fit
242,fit
860,fit
6770,fit
9329,fit
12558,fit
10894,fit
8158,fit
2280,fit
8933,fit
12776,fit
1115,fit
4282,fit
7326,fit
13807,fit
3713,fit
4185,fit
8972,fit
7383,fit
5972,fit
10312,fit
15304,fit
12588,fit
3975,fit
840,fit
5092,fit
15073,fit
11186,fit
7432,fit
5566,fit
7534,fit
15352,fit
8079,fit
5685,fit
15162,fit
6988,fit
5209,fit
11507,fit
6491,fit
357,fit
1553,fit
13885,fit
13373,fit
2358,fit
4680,fit
13064,fit
9998,fit
10508,fit
11370,fit
14614,fit
915,fit
4306,fit
13221,fit
13926,fit
3814,fit
7278,fit
14585,fit
5708,fit
12930,fit
2964,fit
8964,fit
7527,fit
13604,fit
13095,fit
319,fit
5502,fit
14484,fit
8795,fit
4743,fit
3355,fit
3801,fit
6368,fit
12161,fit
7207,fit
3582,fit
2907,fit
3665,fit
4130,fit
695,fit
15280,fit
9753,fit
9725,fit
633,fit
981,fit
8458,fit
10885,fit
4924,fit
2961,fit
15145,fit
1697,fit
8453,fit
4827,fit
15359,fit
1083,fit
13835,fit
263,fit
6630,fit
7605,fit
7092,fit
60,fit
10177,fit
9441,fit
1517,fit
7969,fit
7753,fit
2960,fit
13675,fit
4417,fit
815,fit
11827,fit
7676,fit
11434,fit
13377,fit
2965,fit
2390,fit
14779,fit
12467,fit
8075,fit
11720,fit
10423,fit
9897,fit
10826,fit
375,fit
11633,fit
12555,fit
12150,fit
6155,fit
13851,fit
5868,fit
11260,fit
2447,fit
13845,fit
11614,fit
7221,fit
14139,fit
266,fit
11953,fit
3245,fit
2077,fit
12518,fit
2291,fit
12690,fit
13527,fit
8322,fit
7015,fit
11241,fit
5195,fit
7555,fit
2559,fit
8823,fit
9965,fit
7029,fit
3439,fit
10246,fit
12937,fit
2718,fit
8750,fit
11862,fit
6356,fit
9318,fit
10110,fit
15313,fit
10877,fit
2548,fit
4416,fit
11178,fit
12480,fit
15369,fit
5667,fit
1548,fit
2808,fit
6884,fit
5440,fit
12078,fit
14943,fit
9986,fit
13465,fit
9423,fit
5766,fit
9239,fit
4609,fit
13252,fit
8722,fit
12162,fit
1121,fit
4348,fit
12119,fit
13701,fit
6093,fit
14891,fit
5942,fit
5288,fit
10378,fit
8365,fit
6257,fit
9165,fit
15413,fit
6049,fit
15355,fit
9533,fit
2185,fit
12777,fit
10721,fit
13315,fit
4828,fit
4722,fit
7415,fit
3635,fit
3601,fit
7213,fit
14464,fit
1088,fit
7413,fit
3677,fit
8564,fit
4627,fit
10587,fit
4163,fit
7083,fit
45,fit
4472,fit
8450,fit
14853,fit
8199,fit
14967,fit
13668,fit
648,fit
14583,fit
7466,fit
11788,fit
13322,fit
7966,fit
3096,fit
12598,fit
8472,fit
212,fit
6102,fit
12900,fit
6555,fit
4497,fit
5750,fit
1919,fit
2109,fit
7520,fit
2852,fit
11661,fit
8068,fit
3517,fit
12841,fit
1633,fit
6663,fit
2642,fit
5498,fit
12269,fit
13937,fit
13616,fit
6690,fit
6822,fit
2930,fit
2966,fit
10819,fit
9728,fit
2800,fit
13509,fit
14938,fit
9936,fit
10181,fit
6930,fit
3248,fit
11642,fit
11096,fit
4591,fit
14483,fit
9285,fit
2181,fit
5580,fit
5078,fit
1285,fit
9095,fit
2661,fit
2654,fit
443,fit
6883,fit
6996,fit
2063,fit
8829,fit
4370,fit
3139,fit
12619,fit
4701,fit
13496,fit
829,fit
6179,fit
2044,fit
686,fit
6662,fit
4814,fit
13139,fit
11656,fit
6838,fit
13754,fit
6080,fit
140,fit
5609,fit
9636,fit
8865,fit
4360,fit
875,fit
6987,fit
4635,fit
11422,fit
9910,fit
13045,fit
11225,fit
10673,fit
10200,fit
14683,fit
10208,fit
3731,fit
5602,fit
5734,fit
12790,fit
1661,fit
5390,fit
8609,fit
9267,fit
2873,fit
7971,fit
10515,fit
2945,fit
11314,fit
2468,fit
11782,fit
8213,fit
4904,fit
5510,fit
11210,fit
7475,fit
978,fit
7393,fit
7926,fit
9733,fit
143,fit
702,fit
13840,fit
12860,fit
13142,fit
6501,fit
8968,fit
8959,fit
10085,fit
12864,fit
8001,fit
10611,fit
8147,fit
5597,fit
9556,fit
6756,fit
12149,fit
14216,fit
4563,fit
11527,fit
6776,fit
10397,fit
8379,fit
14958,fit
9056,fit
10264,fit
14448,fit
8231,fit
6136,fit
12296,fit
1396,fit
14466,fit
12177,fit
5836,fit
11621,fit
871,fit
11275,fit
4098,fit
14814,fit
7148,fit
6672,fit
10799,fit
1033,fit
5128,fit
796,fit
7947,fit
7461,fit
4228,fit
9216,fit
10171,fit
11878,fit
4918,fit
4971,fit
2051,fit
14640,fit
10310,fit
3590,fit
12688,fit
7316,fit
5437,fit
2090,fit
4725,fit
7162,fit
4171,fit
11152,fit
9976,fit
3251,fit
5649,fit
3960,fit
3521,fit
4081,fit
809,fit
14229,fit
14258,fit
14350,fit
833,fit
13296,fit
2586,fit
10909,fit
627,fit
4646,fit
14487,fit
3821,fit
5012,fit
9917,fit
15021,fit
9012,fit
8539,fit
12926,fit
7481,fit
5530,fit
15037,fit
3890,fit
3194,fit
10227,fit
10000,fit
13110,fit
6075,fit
5062,fit
11753,fit
1917,fit
7174,fit
14681,fit
13117,fit
13350,fit
13360,fit
11053,fit
2272,fit
2053,fit
14680,fit
13340,fit
5042,fit
6910,fit
2543,fit
15256,fit
9243,fit
13797,fit
2329,fit
14517,fit
8040,fit
11073,fit
8577,fit
7696,fit
9837,fit
13400,fit
11165,fit
7200,fit
8263,fit
11046,fit
4525,fit
12483,fit
2289,fit
11175,fit
14101,fit
10658,fit
1643,fit
1671,fit
14404,fit
11512,fit
11689,fit
9164,fit
2673,fit
13517,fit
9320,fit
13615,fit
4448,fit
7948,fit
10614,fit
7396,fit
13686,fit
5001,fit
12732,fit
4072,fit
11440,fit
10800,fit
5876,fit
12455,fit
14765,fit
6292,fit
12355,fit
8033,fit
11805,fit
13417,fit
9090,fit
14596,fit
6389,fit
2817,fit
4082,fit
14424,fit
13907,fit
13304,fit
1235,fit
13476,fit
12446,fit
84,fit
14773,fit
7842,fit
5079,fit
5235,fit
2424,fit
323,fit
499,fit
11143,fit
7430,fit
4659,fit
38,fit
9337,fit
10865,fit
10562,fit
2925,fit
11481,fit
10638,fit
1960,fit
1666,fit
5409,fit
2041,fit
9980,fit
923,fit
280,fit
11971,fit
7127,fit
13719,fit
7343,fit
534,fit
1109,fit
9317,fit
5354,fit
3681,fit
3771,fit
1869,fit
14189,fit
14431,fit
14775,fit
2236,fit
2768,fit
4999,fit
987,fit
8267,fit
3555,fit
175,fit
8334,fit
11511,fit
7571,fit
9634,fit
5114,fit
10923,fit
7498,fit
13771,fit
6531,fit
9953,fit
14755,fit
9708,fit
5041,fit
4895,fit
5886,fit
6361,fit
2018,fit
11620,fit
7139,fit
12274,fit
3147,fit
8957,fit
1670,fit
13012,fit
1266,fit
4976,fit
13822,fit
6518,fit
13475,fit
15358,fit
1197,fit
11936,fit
14465,fit
10817,fit
14520,fit
2441,fit
1471,fit
10284,fit
10100,fit
1658,fit
10461,fit
5954,fit
4205,fit
13694,fit
10671,fit
12429,fit
9631,fit
712,fit
3186,fit
12142,fit
13034,fit
6145,fit
2148,fit
1168,fit
7677,fit
5888,fit
3520,fit
5670,fit
12044,fit
9264,fit
11320,fit
1241,fit
5334,fit
9773,fit
8668,fit
6220,fit
5019,fit
3404,fit
9906,fit
3936,fit
10781,fit
5046,fit
2324,fit
4320,fit
7785,fit
15292,fit
5264,fit
4208,fit
4913,fit
5298,fit
4025,fit
13662,fit
14152,fit
73,fit
1593,fit
117,fit
12897,fit
12970,fit
8683,fit
14078,fit
2599,fit
1613,fit
11641,fit
628,fit
771,fit
15346,fit
395,fit
348,fit
132,fit
15101,fit
4170,fit
10526,fit
8813,fit
7394,fit
12385,fit
2659,fit
1344,fit
12525,fit
10043,fit
7635,fit
7927,fit
12081,fit
5424,fit
15053,fit
11088,fit
15326,fit
4714,fit
1316,fit
4835,fit
12360,fit
6565,fit
5998,fit
6007,fit
15055,fit
13310,fit
7714,fit
9286,fit
4786,fit
8057,fit
1433,fit
6811,fit
440,fit
14558,fit
787,fit
12934,fit
1102,fit
4263,fit
2482,fit
3409,fit
5061,fit
12501,fit
2549,fit
8608,fit
9349,fit
3935,fit
1379,fit
3484,fit
4312,fit
5330,fit
13145,fit
9016,fit
2338,fit
15321,fit
6423,fit
9425,fit
10053,fit
1020,fit
1789,fit
12814,fit
3113,fit
5939,fit
3190,fit
8774,fit
13689,fit
1690,fit
11019,fit
7100,fit
10816,fit
14615,fit
8448,fit
1118,fit
12322,fit
4268,fit
11146,fit
6936,fit
5328,fit
4216,fit
4598,fit
7814,fit
8134,fit
12523,fit
5969,fit
10984,fit
8934,fit
6627,fit
12027,fit
5557,fit
4770,fit
7177,fit
13752,fit
10309,fit
11998,fit
8416,fit
8,fit
10704,fit
2009,fit
9754,fit
14703,fit
2856,fit
11932,fit
3894,fit
8015,fit
7053,fit
976,fit
5677,fit
1045,fit
2279,fit
6607,fit
12620,fit
8108,fit
8255,fit
3128,fit
4869,fit
12666,fit
14792,fit
6694,fit
13395,fit
12052,fit
4298,fit
4953,fit
7478,fit
7556,fit
313,fit
805,fit
3058,fit
3643,fit
11192,fit
10180,fit
2242,fit
1827,fit
4823,fit
7610,fit
12139,fit
11004,fit
9704,fit
7021,fit
8135,fit
9434,fit
430,fit
5574,fit
13349,fit
6892,fit
14618,fit
5582,fit
8443,fit
2756,fit
8357,fit
6561,fit
11981,fit
13543,fit
1135,fit
8917,fit
10052,fit
6755,fit
11212,fit
8742,fit
9166,fit
10901,fit
8417,fit
643,fit
20,fit
13384,fit
3107,fit
1814,fit
6559,fit
12393,fit
4541,fit
15241,fit
9457,fit
9341,fit
11171,fit
6439,fit
2721,fit
153,fit
7024,fit
4037,fit
241,fit
3825,fit
307,fit
13372,fit
8664,fit
8174,fit
1622,fit
5800,fit
3349,fit
3401,fit
7647,fit
530,fit
3486,fit
512,fit
2969,fit
12820,fit
4055,fit
14692,fit
2318,fit
1435,fit
11671,fit
4094,fit
11925,fit
8338,fit
9745,fit
2601,fit
7731,fit
3371,fit
8406,fit
8452,fit
1629,fit
11390,fit
13529,fit
8705,fit
9561,fit
9049,fit
6940,fit
13871,fit
5662,fit
12099,fit
6973,fit
5762,fit
13601,fit
4252,fit
3691,fit
2836,fit
15143,fit
5408,fit
13478,fit
6965,fit
12807,fit
12928,fit
13303,fit
11451,fit
12439,fit
7230,fit
9749,fit
232,fit
9346,fit
9581,fit
1916,fit
9932,fit
4624,fit
5427,fit
6631,fit
12318,fit
5700,fit
9987,fit
1124,fit
6221,fit
6387,fit
11292,fit
8438,fit
5002,fit
820,fit
12253,fit
6980,fit
1939,fit
9071,fit
13908,fit
8106,fit
6406,fit
1845,fit
9305,fit
1189,fit
8013,fit
9192,fit
10574,fit
9298,fit
6567,fit
13909,fit
6786,fit
6978,fit
8484,fit
9993,fit
7851,fit
15165,fit
14976,fit
4281,fit
1125,fit
8362,fit
6347,fit
7895,fit
1741,fit
11648,fit
9766,fit
14494,fit
5875,fit
1293,fit
12007,fit
13294,fit
14098,fit
3588,fit
12376,fit
13164,fit
7515,fit
13015,fit
15180,fit
2034,fit
619,fit
4546,fit
764,fit
2822,fit
14506,fit
2545,fit
10641,fit
14810,fit
7480,fit
10997,fit
15059,fit
12913,fit
10616,fit
8100,fit
11265,fit
8864,fit
11432,fit
11649,fit
10594,fit
1584,fit
3351,fit
6781,fit
10133,fit
2319,fit
10811,fit
8476,fit
5643,fit
12289,fit
6359,fit
3488,fit
14780,fit
2837,fit
10010,fit
6962,fit
1079,fit
4787,fit
5681,fit
131,fit
6085,fit
8324,fit
11289,fit
1423,fit
4936,fit
1311,fit
15231,fit
6734,fit
14603,fit
11767,fit
602,fit
2439,fit
9637,fit
8083,fit
7929,fit
6877,fit
6903,fit
5955,fit
11071,fit
7212,fit
3213,fit
12633,fit
8415,fit
4109,fit
13669,fit
12536,fit
15191,fit
5540,fit
8765,fit
15297,fit
31,fit
6378,fit
4457,fit
3052,fit
3212,fit
3089,fit
475,fit
4265,fit
12789,fit
6498,fit
14393,fit
11244,fit
4605,fit
9816,fit
2081,fit
291,fit
376,fit
12803,fit
10023,fit
14309,fit
8619,fit
10364,fit
12047,fit
8695,fit
10719,fit
13178,fit
5618,fit
1060,fit
8447,fit
9797,fit
6251,fit
12402,fit
3583,fit
9864,fit
1523,fit
14353,fit
6425,fit
11798,fit
3122,fit
546,fit
4117,fit
3652,fit
107,fit
11120,fit
13626,fit
2012,fit
4817,fit
5616,fit
8278,fit
1221,fit
3898,fit
71,fit
11406,fit
3659,fit
4124,fit
4691,fit
3384,fit
15072,fit
7335,fit
8089,fit
8727,fit
3454,fit
9541,fit
6890,fit
14222,fit
10696,fit
3994,fit
10391,fit
8330,fit
6648,fit
12726,fit
6655,fit
2696,fit
321,fit
6953,fit
8420,fit
5520,fit
7158,fit
229,fit
12533,fit
6090,fit
381,fit
13144,fit
8853,fit
13398,fit
8293,fit
13218,fit
5833,fit
7609,fit
8716,fit
11026,fit
651,fit
6225,fit
5350,fit
803,fit
8697,fit
11064,fit
8305,fit
867,fit
2672,fit
4394,fit
1461,fit
2828,fit
14413,fit
13490,fit
6116,fit
2229,fit
10740,fit
12135,fit
11060,fit
9451,fit
2162,fit
14486,fit
8269,fit
2684,fit
7594,fit
7313,fit
8867,fit
8580,fit
456,fit
1198,fit
10974,fit
11793,fit
11077,fit
6253,fit
4292,fit
3428,fit
8098,fit
10111,fit
9641,fit
11597,fit
13051,fit
10792,fit
4794,fit
8971,fit
7259,fit
5004,fit
11269,fit
7965,fit
3133,fit
1196,fit
8770,fit
4035,fit
14989,fit
11285,fit
9040,fit
7804,fit
5236,fit
88,fit
7829,fit
9113,fit
14732,fit
3721,fit
5090,fit
3030,fit
7038,fit
12368,fit
4209,fit
4772,fit
12599,fit
4355,fit
4328,fit
11184,fit
9615,fit
12202,fit
7141,fit
12909,fit
11637,fit
11628,fit
8905,fit
7542,fit
8398,fit
10492,fit
10645,fit
13569,fit
3908,fit
12212,fit
3388,fit
5287,fit
672,fit
3446,fit
7602,fit
7953,fit
9232,fit
9059,fit
10120,fit
620,fit
9137,fit
583,fit
9591,fit
13305,fit
7712,fit
5340,fit
3210,fit
316,fit
14213,fit
10242,fit
271,fit
461,fit
4662,fit
15155,fit
12424,fit
15296,fit
15238,fit
6591,fit
7709,fit
3619,fit
3045,fit
783,fit
12760,fit
3818,fit
2248,fit
13765,fit
2307,fit
5199,fit
9428,fit
1905,fit
13471,fit
2264,fit
11694,fit
6832,fit
9189,fit
5559,fit
4188,fit
6829,fit
8638,fit
11819,fit
5449,fit
13014,fit
1372,fit
12879,fit
507,fit
5140,fit
442,fit
9553,fit
4479,fit
1909,fit
4825,fit
2614,fit
8860,fit
13837,fit
10603,fit
11545,fit
6132,fit
7397,fit
14964,fit
12259,fit
1933,fit
7301,fit
14232,fit
7013,fit
5443,fit
624,fit
3674,fit
9052,fit
4671,fit
3006,fit
5846,fit
9456,fit
1976,fit
6271,fit
2505,fit
6266,fit
10810,fit
9055,fit
593,fit
10706,fit
7453,fit
9809,fit
7552,fit
2641,fit
8212,fit
11398,fit
7872,fit
8270,fit
8573,fit
7269,fit
14877,fit
1841,fit
7901,fit
13259,fit
1170,fit
14864,fit
13414,fit
11486,fit
9041,fit
912,fit
13552,fit
6113,fit
13664,fit
4502,fit
6610,fit
12068,fit
14963,fit
12324,fit
10555,fit
9874,fit
12438,fit
13657,fit
7440,fit
5613,fit
7949,fit
14275,fit
13293,fit
1619,fit
2695,fit
4726,fit
5625,fit
2421,fit
13063,fit
14834,fit
13225,fit
200,fit
11343,fit
4949,fit
4692,fit
9642,fit
12757,fit
12880,fit
1733,fit
6002,fit
8950,validation
11049,validation
10640,validation
10260,validation
3411,validation
9212,validation
14819,validation
516,validation
13127,validation
10179,validation
8915,validation
5564,validation
13873,validation
8707,validation
13243,validation
2219,validation
558,validation
3547,validation
4816,validation
6922,validation
14518,validation
8306,validation
2116,validation
8741,validation
101,validation
10280,validation
8571,validation
8223,validation
5036,validation
14690,validation
13688,validation
7409,validation
13534,validation
3507,validation
6213,validation
6782,validation
8320,validation
9135,validation
7364,validation
1306,validation
11770,validation
4558,validation
3982,validation
4204,validation
3402,validation
12040,validation
3205,validation
5333,validation
13507,validation
1665,validation
14857,validation
3317,validation
3260,validation
8781,validation
6769,validation
15328,validation
14279,validation
5593,validation
5332,validation
5450,validation
5679,validation
9249,validation
7058,validation
801,validation
6324,validation
50,validation
10315,validation
15148,validation
2908,validation
13287,validation
9114,validation
2806,validation
13125,validation
15243,validation
4658,validation
10663,validation
9869,validation
687,validation
11103,validation
9464,validation
13466,validation
11546,validation
2197,validation
3013,validation
3410,validation
5694,validation
1119,validation
9513,validation
15201,validation
10985,validation
8246,validation
4217,validation
3219,validation
4318,validation
161,validation
11469,validation
10650,validation
606,validation
2456,validation
6563,validation
959,validation
4657,validation
1092,validation
9657,validation
779,validation
11830,validation
14763,validation
11404,validation
4543,validation
12924,validation
4654,validation
9257,validation
14337,validation
711,validation
9296,validation
2846,validation
13960,validation
3902,validation
3968,validation
2834,validation
11453,validation
1848,validation
10004,validation
177,validation
8624,validation
9893,validation
15081,validation
12743,validation
8814,validation
9039,validation
7533,validation
7330,validation
816,validation
14126,validation
1886,validation
4254,validation
8016,validation
5753,validation
7781,validation
3041,validation
671,validation
1560,validation
10993,validation
8097,validation
6843,validation
5698,validation
3997,validation
4907,validation
2496,validation
4134,validation
15301,validation
9252,validation
11327,validation
8145,validation
11867,validation
9941,validation
8767,validation
8773,validation
7402,validation
3482,validation
6440,validation
10712,validation
10244,validation
459,validation
14974,validation
3474,validation
8388,validation
10976,validation
6994,validation
11067,validation
4103,validation
13173,validation
9226,validation
9671,validation
11340,validation
11084,validation
11931,validation
13892,validation
2149,validation
5033,validation
1404,validation
4080,validation
5037,validation
4065,validation
2686,validation
1823,validation
12668,validation
8691,validation
2490,validation
13361,validation
8492,validation
4927,validation
15015,validation
4012,validation
9680,validation
12810,validation
5974,validation
4118,validation
10899,validation
2381,validation
11430,validation
13240,validation
690,validation
3308,validation
5864,validation
1256,validation
14656,validation
12695,validation
7439,validation
13008,validation
3952,validation
9057,validation
1500,validation
6905,validation
7098,validation
6735,validation
4623,validation
10676,validation
10169,validation
11121,validation
13844,validation
8808,validation
7234,validation
4888,validation
6585,validation
14577,validation
946,validation
2361,validation
1821,validation
3782,validation
5947,validation
13984,validation
1342,validation
7755,validation
13107,validation
12295,validation
417,validation
12472,validation
11758,validation
1934,validation
13160,validation
13230,validation
3110,validation
10629,validation
4668,validation
13006,validation
12406,validation
6898,validation
1107,validation
8977,validation
7784,validation
3020,validation
8410,validation
10761,validation
12363,validation
14365,validation
2059,validation
12744,validation
13198,validation
13964,validation
4540,validation
14662,validation
2587,validation
12349,validation
14836,validation
14549,validation
8078,validation
7257,validation
8309,validation
3618,validation
1271,validation
3965,validation
8991,validation
15311,validation
2911,validation
4926,validation
4952,validation
13966,validation
13703,validation
373,validation
8776,validation
5353,validation
900,validation
8663,validation
8621,validation
13334,validation
9974,validation
61,validation
2871,validation
685,validation
13667,validation
7342,validation
526,validation
198,validation
10062,validation
1598,validation
4333,validation
4464,validation
1200,validation
10835,validation
4017,validation
5480,validation
6262,validation
6768,validation
7846,validation
5820,validation
10379,validation
3356,validation
1718,validation
2002,validation
984,validation
14856,validation
4877,validation
3905,validation
9771,validation
11287,validation
13917,validation
3611,validation
10319,validation
14697,validation
2368,validation
7678,validation
9292,validation
11323,validation
9888,validation
14457,validation
1712,validation
10972,validation
6888,validation
4715,validation
4639,validation
14389,validation
13223,validation
679,validation
13938,validation
14911,validation
13070,validation
15305,validation
6517,validation
1472,validation
10025,validation
10509,validation
4521,validation
2819,validation
13345,validation
4476,validation
3164,validation
6992,validation
4748,validation
8020,validation
9463,validation
5005,validation
9904,validation
15019,validation
11419,validation
5783,validation
6706,validation
6358,validation
11151,validation
6666,validation
4935,validation
15087,validation
8335,validation
14173,validation
10519,validation
6280,validation
8946,validation
4021,validation
8936,validation
1583,validation
14261,validation
4882,validation
15001,validation
5646,validation
5664,validation
12426,validation
12676,validation
3574,validation
12050,validation
588,validation
9689,validation
1948,validation
7920,validation
2719,validation
14555,validation
8110,validation
8529,validation
6712,validation
14384,validation
6872,validation
5544,validation
8956,validation
2119,validation
12595,validation
1151,validation
8618,validation
8815,validation
12158,validation
12813,validation
11198,validation
4779,validation
10060,validation
10282,validation
10125,validation
3359,validation
10890,validation
8056,validation
13141,validation
6809,validation
1645,validation
3342,validation
10651,validation
10161,validation
12166,validation
15367,validation
12464,validation
4148,validation
5242,validation
9856,validation
12025,validation
12415,validation
12741,validation
4187,validation
4530,validation
1761,validation
13023,validation
14744,validation
6896,validation
1177,validation
6639,validation
1074,validation
13699,validation
10657,validation
12527,validation
498,validation
11933,validation
10441,validation
474,validation
13210,validation
7429,validation
6790,validation
4704,validation
13215,validation
5856,validation
2118,validation
7344,validation
4048,validation
4829,validation
1360,validation
5315,validation
7813,validation
8678,validation
6032,validation
6012,validation
761,validation
4631,validation
8130,validation
5497,validation
1324,validation
14769,validation
9543,validation
8738,validation
2022,validation
8304,validation
11427,validation
3961,validation
10008,validation
7824,validation
1557,validation
10604,validation
10666,validation
11653,validation
11197,validation
7136,validation
2838,validation
5389,validation
5053,validation
8800,validation
6777,validation
9259,validation
3516,validation
480,validation
9374,validation
8857,validation
10261,validation
13842,validation
13717,validation
9380,validation
13944,validation
4762,validation
2778,validation
11408,validation
9509,validation
15204,validation
465,validation
5740,validation
8105,validation
343,validation
12018,validation
7925,validation
37,validation
6034,validation
12998,validation
11893,validation
2101,validation
9154,validation
6276,validation
8925,validation
4322,validation
5790,validation
10202,validation
2609,validation
1163,validation
4566,validation
3608,validation
1974,validation
13723,validation
856,validation
2939,validation
4033,validation
2824,validation
144,validation
12590,validation
8673,validation
12890,validation
10435,validation
6808,validation
8069,validation
1041,validation
11136,validation
6509,validation
11328,validation
3204,validation
1366,validation
15312,validation
1322,validation
549,validation
14914,validation
12969,validation
1625,validation
9568,validation
12579,validation
15308,validation
1726,validation
13241,validation
6916,validation
8409,validation
13774,validation
14872,validation
14469,validation
248,validation
15267,validation
12680,validation
8572,validation
11224,validation
6186,validation
7261,validation
6920,validation
7841,validation
4112,validation
5117,validation
10026,validation
11168,validation
11554,validation
15025,validation
13652,validation
3548,validation
9678,validation
2001,validation
7606,validation
3707,validation
11491,validation
14746,validation
2300,validation
10289,validation
4578,validation
6625,validation
14589,validation
7654,validation
7108,validation
1333,validation
14698,validation
2350,validation
4473,validation
9368,validation
1485,validation
3845,validation
6318,validation
8841,validation
9950,validation
12397,validation
8176,validation
1962,validation
9277,validation
12344,validation
2606,validation
14774,validation
13220,validation
5192,validation
13828,validation
4579,validation
14631,validation
11094,validation
9677,validation
10439,validation
14132,validation
11459,validation
11124,validation
11036,validation
11865,validation
7710,validation
13268,validation
5441,validation
4116,validation
1290,validation
6081,validation
8582,validation
4311,validation
7956,validation
6990,validation
4382,validation
10536,validation
14392,validation
5072,validation
6355,validation
7164,validation
3022,validation
10758,validation
14313,validation
4552,validation
3850,validation
9601,validation
9716,validation
11410,validation
11665,validation
4903,validation
9462,validation
8561,validation
12392,validation
7115,validation
11990,validation
3083,validation
5927,validation
6247,validation
6775,validation
10401,validation
408,validation
13990,validation
6320,validation
4572,validation
1136,validation
2605,validation
6345,validation
6348,validation
14170,validation
10166,validation
14450,validation
9119,validation
3599,validation
14155,validation
4611,validation
9242,validation
250,validation
11028,validation
8241,validation
3702,validation
4351,validation
7603,validation
5745,validation
3054,validation
12422,validation
2679,validation
14013,validation
12020,validation
1538,validation
15382,validation
13540,validation
6918,validation
9555,validation
7000,validation
11825,validation
9582,validation
13165,validation
1941,validation
3632,validation
26,validation
361,validation
1871,validation
1223,validation
6893,validation
93,validation
6560,validation
14980,validation
869,validation
3294,validation
14684,validation
11809,validation
12244,validation
3571,validation
14192,validation
208,validation
12145,validation
12172,validation
9483,validation
4547,validation
8647,validation
10204,validation
495,validation
14122,validation
9406,validation
5348,validation
12430,validation
12765,validation
5810,validation
12492,validation
13978,validation
3669,validation
1467,validation
6302,validation
12270,validation
13650,validation
2700,validation
15002,validation
7761,validation
10033,validation
8496,validation
8300,validation
1840,validation
8717,validation
5377,validation
5578,validation
6466,validation
11281,validation
7897,validation
7652,validation
15203,validation
7616,validation
8498,validation
236,validation
15127,validation
5671,validation
13670,validation
6919,validation
730,validation
3752,validation
8510,validation
14447,validation
332,validation
6357,validation
6120,validation
557,validation
346,validation
4850,validation
12826,validation
10593,validation
7779,validation
14479,validation
957,validation
3075,validation
8482,validation
11389,validation
2014,validation
14060,validation
8843,validation
1265,validation
4931,validation
12305,validation
7354,validation
4666,validation
6046,validation
839,validation
11180,validation
6283,validation
10830,validation
1019,validation
2912,validation
5706,validation
3755,validation
406,validation
9907,validation
10734,validation
9962,validation
11957,validation
13432,validation
14602,validation
6804,validation
11166,validation
1563,validation
11232,validation
3646,validation
8951,validation
15182,validation
8657,validation
14303,validation
11428,validation
15371,validation
1237,validation
2383,validation
14476,validation
13154,validation
749,validation
8588,validation
6868,validation
5507,validation
4641,validation
3479,validation
14513,validation
7460,validation
1911,validation
3615,validation
490,validation
6456,validation
5468,validation
723,validation
2770,validation
6092,validation
4570,validation
5077,validation
14533,validation
15171,validation
13779,validation
6233,validation
7314,validation
10143,validation
14786,validation
4871,validation
14388,validation
14515,validation
11448,validation
6202,validation
7243,validation
6938,validation
3745,validation
13342,validation
6660,validation
14828,validation
390,validation
501,validation
502,validation
8720,validation
8167,validation
13500,validation
4426,validation
11218,validation
9752,validation
5509,validation
12735,validation
5863,validation
12456,validation
13374,validation
6258,validation
4056,validation
2386,validation
185,validation
3381,validation
458,validation
7997,validation
487,validation
8987,validation
15379,validation
5658,validation
14635,validation
4599,validation
5684,validation
12208,validation
13538,validation
2784,validation
14260,validation
2202,validation
7757,validation
4987,validation
5652,validation
7434,validation
11201,validation
14960,validation
1369,validation
8677,validation
13711,validation
13271,validation
11378,validation
1206,validation
32,validation
7155,validation
422,validation
8030,validation
8908,validation
15118,validation
10332,validation
2833,validation
1049,validation
8897,validation
847,validation
14999,validation
5654,validation
4213,validation
9324,validation
3082,validation
8494,validation
9136,validation
8198,validation
14121,validation
8754,validation
13622,validation
11950,validation
3207,validation
13019,validation
2805,validation
3628,validation
1117,validation
7977,validation
15040,validation
3887,validation
8265,validation
8822,validation
1194,validation
3230,validation
6035,validation
15274,validation
10365,validation
6217,validation
6152,validation
8777,validation
2078,validation
14689,validation
4866,validation
11360,validation
2823,validation
10942,validation
10862,validation
11489,validation
6294,validation
14959,validation
4879,validation
13557,validation
9854,validation
11233,validation
8631,validation
7260,validation
3770,validation
3761,validation
15344,validation
10370,validation
7693,validation
13151,validation
8319,validation
9207,validation
3187,validation
11760,validation
8854,validation
10394,validation
12792,validation
2884,validation
13653,validation
4371,validation
12927,validation
9051,validation
7763,validation
8441,validation
211,validation
1351,validation
3498,validation
6885,validation
1950,validation
12380,validation
973,validation
4257,validation
3647,validation
3683,validation
8902,validation
363,validation
5885,validation
8651,validation
4221,validation
9999,validation
3705,validation
7579,validation
4532,validation
2981,validation
6140,validation
14884,validation
12365,validation
12306,validation
7156,validation
262,validation
1847,validation
14164,validation
1511,validation
10228,validation
6618,validation
12541,validation
9070,validation
10274,validation
5707,validation
3309,validation
7450,validation
13564,validation
5121,validation
879,validation
1759,validation
1310,validation
12647,validation
5690,validation
7411,validation
4868,validation
5216,validation
193,validation
10535,validation
4264,validation
14408,validation
14314,validation
13088,validation
3443,validation
9981,validation
7562,validation
10124,validation
11335,validation
2868,validation
7516,validation
14907,validation
9524,validation
8560,validation
9783,validation
2477,validation
13190,validation
8488,validation
12478,validation
3206,validation
3115,validation
5115,validation
4845,validation
3105,validation
3567,validation
3951,validation
2420,validation
1179,validation
12922,validation
603,validation
2512,validation
6234,validation
2764,validation
5779,validation
5364,validation
4191,validation
12449,validation
43,validation
12238,validation
5356,validation
8220,validation
2464,validation
13039,validation
6296,validation
9327,validation
2414,validation
970,validation
1653,validation
9087,validation
13383,validation
2076,validation
1561,validation
13971,validation
216,validation
3776,validation
7073,validation
2140,validation
6592,validation
8430,validation
5027,validation
2010,validation
2896,validation
8514,validation
1273,validation
14143,validation
14268,validation
8672,validation
8127,validation
8893,validation
8489,validation
9527,validation
1246,validation
12861,validation
8725,validation
2341,validation
9596,validation
1122,validation
3515,validation
7737,validation
11806,validation
8909,validation
2513,validation
5181,validation
10966,validation
14788,validation
2478,validation
3197,validation
297,validation
9316,validation
13660,validation
13317,validation
14319,validation
8141,validation
13257,validation
476,validation
3329,validation
1522,validation
12672,validation
2262,validation
12742,validation
3794,validation
2944,validation
2171,validation
5388,validation
1176,validation
3988,validation
3046,validation
9669,validation
11163,validation
5292,validation
9996,validation
9161,validation
3502,validation
11748,validation
3942,validation
7699,validation
11655,validation
8371,validation
6380,validation
5731,validation
14334,validation
10585,validation
10447,validation
5645,validation
7407,validation
9603,validation
12515,validation
6959,validation
4097,validation
11262,validation
10209,validation
4923,validation
788,validation
6134,validation
8440,validation
5865,validation
5572,validation
2189,validation
8054,validation
9610,validation
8715,validation
10634,validation
12526,validation
10850,validation
3007,validation
538,validation
17,validation
10931,validation
4379,validation
15179,validation
4468,validation
15401,validation
1263,validation
12190,validation
6383,validation
14742,validation
6144,validation
8404,validation
3606,validation
8087,validation
13916,validation
2902,validation
14949,validation
7838,validation
9064,validation
1749,validation
660,validation
3247,validation
13239,validation
6909,validation
5813,validation
2411,validation
3225,validation
15319,validation
9563,validation
14715,validation
12242,validation
9539,validation
2502,validation
3416,validation
11517,validation
9476,validation
292,validation
9560,validation
4066,validation
358,validation
2251,validation
9304,validation
15044,validation
154,validation
9474,validation
7513,validation
14055,validation
9475,validation
162,validation
1507,validation
4732,validation
4773,validation
1716,validation
13801,validation
10637,validation
7744,validation
13697,validation
10662,validation
5174,validation
11562,validation
9409,validation
13594,validation
12083,validation
13453,validation
9759,validation
3730,validation
5266,validation
2702,validation
12622,validation
10557,validation
4983,validation
7095,validation
4142,validation
9857,validation
6308,validation
508,validation
14234,validation
553,validation
3028,validation
2155,validation
13946,validation
10930,validation
2344,validation
5094,validation
13021,validation
9961,validation
12346,validation
11059,validation
6943,validation
1949,validation
5182,validation
6281,validation
1782,validation
544,validation
9587,validation
12226,validation
8859,validation
11843,validation
4945,validation
13381,validation
9241,validation
2125,validation
5229,validation
7739,validation
10074,validation
3175,validation
8378,validation
9260,validation
11358,validation
935,validation
8275,validation
11803,validation
7270,validation
3442,validation
12260,validation
9827,validation
10714,validation
14712,validation
11585,validation
9269,validation
1258,validation
11005,validation
13639,validation
9835,validation
4980,validation
10003,validation
10607,validation
3304,validation
14845,validation
8670,validation
10627,validation
12370,validation
13282,validation
9903,validation
7309,validation
8407,validation
6443,validation
11728,validation
9360,validation
12401,validation
13644,validation
11980,validation
5573,validation
7487,validation
129,validation
13166,validation
8633,validation
13687,validation
493,validation
4259,validation
10102,validation
2025,validation
2779,validation
13355,validation
5553,validation
4319,validation
15407,validation
7070,validation
8984,validation
8112,validation
8394,validation
917,validation
6432,validation
3609,validation
9347,validation
7564,validation
13393,validation
15287,validation
6955,validation
2649,validation
14992,validation
7727,validation
2042,validation
14821,validation
14898,validation
11087,validation
5755,validation
6820,validation
10790,validation
12799,validation
12160,validation
9427,validation
14062,validation
4052,validation
11293,validation
13956,validation
8095,validation
11011,validation
3863,validation
1529,validation
6675,validation
7567,validation
5971,validation
5329,validation
4676,validation
10077,validation
6907,validation
10502,validation
3200,validation
705,validation
10892,validation
7375,validation
1152,validation
462,validation
6331,validation
8128,validation
1506,validation
13635,validation
6410,validation
15412,validation
304,validation
830,validation
286,validation
11056,validation
13411,validation
5877,validation
10267,validation
10991,validation
4276,validation
9833,validation
14271,validation
5552,validation
3322,validation
13572,validation
6526,validation
8372,validation
5176,validation
9121,validation
14063,validation
9938,validation
12963,validation
2869,validation
12865,validation
6151,validation
6718,validation
12877,validation
1687,validation
11267,validation
9801,validation
10017,validation
2183,validation
167,validation
11765,validation
14210,validation
1650,validation
1991,validation
6079,validation
11590,validation
12329,validation
9995,validation
10748,validation
3645,validation
5130,validation
4593,validation
12764,validation
7810,validation
1764,validation
7695,validation
1129,validation
1715,validation
12369,validation
3292,validation
8649,validation
8380,validation
13561,validation
9281,validation
13625,validation
3746,validation
13200,validation
10113,validation
13454,validation
6004,validation
6751,validation
9010,validation
1052,validation
8846,validation
9050,validation
3983,validation
13504,validation
15060,validation
10507,validation
12043,validation
7061,validation
4968,validation
9037,validation
14377,validation
500,validation
7835,validation
27,validation
9583,validation
4721,validation
3385,validation
1438,validation
8288,validation
8900,validation
5961,validation
6065,validation
2026,validation
11213,validation
3865,validation
4059,validation
7249,validation
9342,validation
6340,validation
8570,validation
4729,validation
3923,validation
6451,validation
1620,validation
4520,validation
6524,validation
11054,validation
4422,validation
10286,validation
2891,validation
477,validation
428,validation
14142,validation
11393,validation
15327,validation
8037,validation
14087,validation
15034,validation
1606,validation
4277,validation
11547,validation
6933,validation
9831,validation
7762,validation
2070,validation
14402,validation
15194,validation
8387,validation
5144,validation
12213,validation
5469,validation
5623,validation
774,validation
5842,validation
13115,validation
10396,validation
6123,validation
5131,validation
7788,validation
12488,validation
9492,validation
5336,validation
13035,validation
4851,validation
9045,validation
1494,validation
10643,validation
13410,validation
9377,validation
1195,validation
2578,validation
8490,validation
12236,validation
7340,validation
14247,validation
4878,validation
10601,validation
9162,validation
11982,validation
7350,validation
641,validation
3405,validation
7369,validation
9576,validation
7236,validation
11954,validation
4852,validation
5697,validation
12703,validation
4841,validation
6741,validation
13227,validation
13394,validation
12551,validation
10409,validation
14630,validation
5347,validation
15219,validation
15076,validation
2867,validation
5711,validation
2499,validation
4246,validation
8031,validation
4144,validation
6286,validation
3039,validation
6295,validation
11007,validation
14599,validation
5417,validation
1086,validation
15110,validation
10782,validation
3868,validation
2299,validation
4270,validation
15396,validation
7904,validation
2214,validation
12173,validation
8017,validation
2046,validation
15408,validation
14032,validation
4507,validation
9033,validation
15121,validation
4633,validation
6604,validation
1113,validation
10056,validation
12582,validation
14395,validation
1725,validation
4887,validation
14430,validation
3203,validation
15260,validation
2182,validation
12016,validation
12960,validation
4441,validation
6880,validation
13332,validation
10027,validation
9789,validation
15403,validation
3734,validation
6363,validation
3675,validation
4286,validation
5212,validation
1492,validation
3403,validation
5854,validation
9830,validation
9077,validation
7031,validation
12214,validation
9326,validation
9122,validation
13733,validation
8349,validation
11851,validation
3811,validation
5774,validation
8563,validation
3704,validation
1813,validation
2728,validation
5233,validation
7244,validation
8291,validation
72,validation
14089,validation
13089,validation
7545,validation
4792,validation
6184,validation
10001,validation
12791,validation
5883,validation
8606,validation
5871,validation
13976,validation
14519,validation
7110,validation
5436,validation
1278,validation
1361,validation
8067,validation
14355,validation
5335,validation
10047,validation
12847,validation
5425,validation
15387,validation
12366,validation
8188,validation
1674,validation
7387,validation
13113,validation
12761,validation
7524,validation
9026,validation
14534,validation
14485,validation
594,validation
3419,validation
13077,validation
13817,validation
13737,validation
8412,validation
14825,validation
10009,validation
9053,validation
1903,validation
4444,validation
11278,validation
5415,validation
9110,validation
9966,validation
15340,validation
1860,validation
6632,validation
4860,validation
5693,validation
14847,validation
324,validation
8039,validation
6794,validation
2224,validation
6857,validation
10214,validation
2546,validation
8250,validation
979,validation
10736,validation
8780,validation
4788,validation
1785,validation
11169,validation
7068,validation
13613,validation
4015,validation
8605,validation
4002,validation
4826,validation
10920,validation
6212,validation
10368,validation
12655,validation
1767,validation
9072,validation
988,validation
10655,validation
10946,validation
1532,validation
11372,validation
5435,validation
8253,validation
1459,validation
11979,validation
4487,validation
791,validation
12975,validation
3181,validation
2692,validation
14529,validation
12721,validation
3431,validation
5474,validation
8872,validation
3563,validation
4050,validation
13654,validation
10269,validation
6138,validation
13397,validation
11141,validation
7749,validation
7063,validation
5369,validation
3117,validation
10344,validation
14050,validation
14227,validation
14488,validation
2818,validation
15131,validation
12858,validation
14968,validation
1573,validation
9804,validation
6167,validation
3964,validation
106,validation
4178,validation
2370,validation
10304,validation
968,validation
1737,validation
7049,validation
15322,validation
5093,validation
14909,validation
8513,validation
11799,validation
7091,validation
10720,validation
9787,validation
3138,validation
2492,validation
2658,validation
8397,validation
7954,validation
13769,validation
10109,validation
4019,validation
10959,validation
12197,validation
10499,validation
10653,validation
12606,validation
4376,validation
5940,validation
6603,validation
4959,validation
2567,validation
9415,validation
8601,validation
8623,validation
13988,validation
9613,validation
9751,validation
9048,validation
11095,validation
15215,validation
1936,validation
12972,validation
6243,validation
207,validation
11737,validation
393,validation
15225,validation
3131,validation
8599,validation
1516,validation
13318,validation
9097,validation
10112,validation
5617,validation
10207,validation
13933,validation
2643,validation
1556,validation
14276,validation
8629,validation
46,validation
8501,validation
11618,validation
9431,validation
10241,validation
12091,validation
9188,validation
11357,validation
5030,validation
5272,validation
1470,validation
2337,validation
2000,validation
14160,validation
8912,validation
13363,validation
1868,validation
2560,validation
1077,validation
15271,validation
1193,validation
4445,validation
11510,validation
11268,validation
3510,validation
87,validation
10090,validation
14653,validation
2886,validation
10046,validation
2783,validation
78,validation
12522,validation
15343,validation
6480,validation
4325,validation
15284,validation
7034,validation
7721,validation
2138,validation
7607,validation
3685,validation
9846,validation
5908,validation
6652,validation
66,validation
14026,validation
10978,validation
6713,validation
8029,validation
12131,validation
3116,validation
3512,validation
1289,validation
4962,validation
9091,validation
3546,validation
2610,validation
7526,validation
6394,validation
4343,validation
5278,validation
7778,validation
2829,validation
2608,validation
14048,validation
11367,validation
519,validation
4331,validation
13278,validation
13499,validation
960,validation
13081,validation
1774,validation
13143,validation
2892,validation
1245,validation
3220,validation
9389,validation
2495,validation
3543,validation
372,validation
906,validation
15234,validation
6961,validation
1839,validation
15205,validation
1505,validation
5730,validation
4324,validation
7020,validation
1707,validation
3183,validation
4569,validation
7963,validation
2379,validation
4839,validation
282,validation
10784,validation
5748,validation
13643,validation
1536,validation
2008,validation
694,validation
7722,validation
1501,validation
5721,validation
6505,validation
10523,validation
11099,validation
13516,validation
4693,validation
1894,validation
9925,validation
7667,validation
4403,validation
8459,validation
937,validation
5153,validation
1569,validation
11796,validation
11956,validation
12943,validation
10941,validation
1063,validation
9600,validation
2701,validation
4757,validation
5257,validation
13286,validation
10265,validation
6166,validation
7446,validation
9765,validation
11601,validation
4027,validation
15208,validation
13167,validation
1765,validation
14405,validation
10735,validation
2938,validation
19,validation
4483,validation
12540,validation
2198,validation
8701,validation
7008,validation
2284,validation
2209,validation
1368,validation
846,validation
3949,validation
6160,validation
12550,validation
14316,validation
13403,validation
6700,validation
9421,validation
3227,validation
3727,validation
9126,validation
8146,validation
10600,validation
4436,validation
1768,validation
2157,validation
6818,validation
10359,validation
7584,validation
5241,validation
5490,validation
15086,validation
9288,validation
49,validation
1393,validation
12285,validation
3528,validation
4643,validation
3326,validation
7437,validation
5305,validation
2919,validation
1977,validation
5641,validation
3348,validation
6537,validation
14546,validation
10498,validation
6543,validation
10346,validation
1389,validation
10924,validation
2417,validation
9503,validation
3846,validation
8998,validation
10340,validation
10372,validation
14416,validation
2222,validation
4602,validation
5892,validation
2366,validation
9867,validation
14751,validation
12035,validation
7585,validation
8628,validation
10079,validation
5454,validation
492,validation
1861,validation
9828,validation
3313,validation
4028,validation
9099,validation
275,validation
12095,validation
5158,validation
3468,validation
13352,validation
2415,validation
3016,validation
6837,validation
5724,validation
4261,validation
7704,validation
6668,validation
181,validation
7302,validation
14759,validation
14165,validation
3556,validation
2547,validation
1228,validation
10049,validation
8565,validation
7752,validation
3472,validation
3373,validation
8930,validation
6169,validation
3299,validation
2863,validation
3701,validation
4522,validation
13608,validation
12838,validation
11926,validation
7378,validation
13180,validation
3651,validation
7510,validation
4637,validation
10846,validation
15186,validation
5314,validation
13181,validation
5754,validation
12894,validation
7019,validation
1460,validation
15026,validation
8833,validation
9757,validation
7197,validation
8473,validation
10540,validation
12303,validation
2258,validation
7235,validation
3284,validation
12806,validation
7248,validation
4153,validation
5784,validation
4041,validation
3750,validation
7494,validation
6848,validation
10858,validation
9898,validation
6878,validation
11411,validation
8755,validation
352,validation
5795,validation
1521,validation
6005,validation
4698,validation
7447,validation
11425,validation
5285,validation
8591,validation
12618,validation
5337,validation
13071,validation
939,validation
2498,validation
12,validation
1654,validation
5028,validation
11001,validation
12628,validation
6650,validation
3680,validation
8892,validation
1702,validation
11463,validation
1363,validation
7643,validation
2342,validation
10156,validation
11150,validation
252,validation
8389,validation
8890,validation
548,validation
10,validation
10583,validation
1183,validation
956,validation
2762,validation
13721,validation
5744,validation
584,validation
5861,validation
14561,validation
6539,validation
14672,validation
11785,validation
6362,validation
12663,validation
2459,validation
3136,validation
4368,validation
4197,validation
347,validation
9865,validation
9807,validation
6254,validation
6515,validation
3332,validation
4531,validation
15210,validation
2038,validation
1144,validation
6845,validation
10146,validation
2994,validation
8509,validation
2590,validation
14982,validation
14336,validation
8197,validation
1518,validation
3670,validation
9058,validation
8961,validation
5527,validation
10210,validation
12974,test
13756,test
5420,test
3656,test
2664,test
4402,test
9900,test
4430,test
9386,test
9487,test
4661,test
12304,test
1409,test
2136,test
6605,test
884,test
6626,test
7097,test
6133,test
7615,test
680,test
2802,test
41,test
1734,test
7059,test
5663,test
4470,test
14612,test
9813,test
15348,test
4498,test
7495,test
7268,test
11640,test
22,test
8505,test
10854,test
12783,test
5123,test
13102,test
7855,test
8439,test
9594,test
10299,test
8919,test
850,test
7144,test
11687,test
3897,test
11888,test
5760,test
7625,test
9947,test
6364,test
9916,test
13281,test
4670,test
6704,test
10135,test
11742,test
8060,test
14451,test
14921,test
3985,test
1227,test
1638,test
1024,test
2263,test
7069,test
3268,test
11543,test
13806,test
7094,test
15221,test
4951,test
5168,test
8301,test
8674,test
7770,test
13467,test
4,test
14148,test
6602,test
12036,test
2323,test
6520,test
4431,test
13044,test
5456,test
289,test
4804,test
10820,test
11508,test
9240,test
2996,test
7419,test
5583,test
6094,test
12279,test
14892,test
4214,test
7107,test
7183,test
3062,test
1142,test
1229,test
9885,test
12873,test
3673,test
2520,test
173,test
1164,test
15288,test
9169,test
3185,test
1261,test
134,test
7986,test
9394,test
7028,test
1026,test
2317,test
13413,test
4099,test
3337,test
4742,test
1094,test
9670,test
13505,test
684,test
1956,test
14675,test
10884,test
6460,test
10958,test
10954,test
5828,test
6349,test
610,test
12786,test
14455,test
13192,test
10445,test
13056,test
1756,test
8805,test
10577,test
2561,test
2245,test
11474,test
12201,test
2200,test
776,test
14925,test
4774,test
4917,test
2033,test
13248,test
766,test
12661,test
597,test
11900,test
8947,test
6314,test
1675,test
13511,test
14341,test
10728,test
2597,test
13775,test
12326,test
9967,test
1920,test
15338,test
14879,test
6058,test
6674,test
4440,test
15303,test
11582,test
8181,test
3318,test
6106,test
15049,test
5713,test
15414,test
7428,test
541,test
3607,test
1830,test
13238,test
11764,test
8162,test
3715,test
13542,test
13401,test
1744,test
14927,test
10859,test
13047,test
5139,test
9335,test
6964,test
4087,test
2980,test
9350,test
13876,test
2898,test
6071,test
6802,test
9841,test
15222,test
1419,test
12747,test
10034,test
12315,test
2256,test
6329,test
2174,test
14930,test
14969,test
7026,test
7489,test
8375,test
1030,test
1542,test
757,test
13120,test
15038,test
11774,test
10927,test
14899,test
5433,test
11090,test
10021,test
8891,test
2847,test
8714,test
1624,test
11173,test
14541,test
11475,test
11658,test
12299,test
9244,test
7566,test
6793,test
1668,test
10968,test
12312,test
5294,test
11395,test
6699,test
12866,test
11569,test
4294,test
5505,test
3661,test
11356,test
581,test
1495,test
13882,test
10141,test
11294,test
1783,test
3716,test
12001,test
8046,test
11693,test
13781,test
814,test
3092,test
14244,test
7780,test
14998,test
2382,test
9760,test
6311,test
8413,test
14671,test
9997,test
13197,test
6679,test
674,test
8525,test
13641,test
7713,test
4104,test
6731,test
5057,test
1382,test
8766,test
9686,test
6274,test
4475,test
5280,test
14557,test
7964,test
3027,test
14180,test
14206,test
6097,test
12056,test
8009,test
3736,test
8625,test
1123,test
3903,test
12548,test
14193,test
2194,test
9942,test
13967,test
6717,test
12479,test
15043,test
10331,test
15206,test
15309,test
2607,test
3424,test
4071,test
7850,test
8581,test
4405,test
6303,test
11945,test
8711,test
6805,test
10288,test
8364,test
7910,test
15028,test
5655,test
10314,test
7379,test
3372,test
6323,test
8787,test
5165,test
13188,test
14659,test
13255,test
5124,test
12076,test
12942,test
484,test
715,test
1986,test
3700,test
11897,test
3882,test
14069,test
7943,test
11501,test
3560,test
5548,test
1885,test
8196,test
15252,test
1451,test
10059,test
14305,test
6209,test
15383,test
5933,test
126,test
4515,test
12476,test
11766,test
13770,test
6128,test
6508,test
166,test
3970,test
7109,test
1466,test
2246,test
7384,test
1846,test
9729,test
12782,test
14214,test
9968,test
14695,test
39,test
11352,test
11652,test
9593,test
7451,test
5418,test
1031,test
10960,test
8901,test
10488,test
12562,test
7456,test
5985,test
11417,test
4930,test
10414,test
8660,test
4068,test
9184,test
4049,test
8952,test
4008,test
9047,test
11600,test
7377,test
5108,test
5293,test
2052,test
14649,test
10295,test
5778,test
8005,test
6158,test
14196,test
6871,test
7124,test
10134,test
2175,test
3293,test
9792,test
835,test
7195,test
13750,test
3331,test
10380,test
14685,test
14569,test
6759,test
14686,test
14996,test
8464,test
6993,test
12092,test
1955,test
10504,test
3312,test
4648,test
1044,test
10493,test
4557,test
562,test
11678,test
11132,test
11228,test
5513,test
11675,test
13554,test
13103,test
12048,test
4073,test
11908,test
14503,test
918,test
1644,test
9130,test
10122,test
14566,test
3477,test
14730,test
4086,test
13482,test
15074,test
1849,test
7907,test
12886,test
3739,test
4297,test
8906,test
2840,test
13353,test
12769,test
4030,test
9313,test
9550,test
14934,test
15079,test
2195,test
12734,test
8004,test
1081,test
14502,test
13720,test
14134,test
12112,test
2878,test
14718,test
7853,test
8003,test
7209,test
5058,test
3625,test
11603,test
14639,test
14317,test
5912,test
13429,test
13378,test
942,test
5965,test
12153,test
11549,test
14840,test
11437,test
4535,test
2670,test
2551,test
7720,test
6951,test
4583,test
8958,test
8479,test
13993,test
13235,test
7032,test
4022,test
579,test
13780,test
5373,test
12120,test
13522,test
2591,test
12745,test
2227,test
3824,test
7537,test
8266,test
9407,test
12411,test
11139,test
6469,test
13042,test
5439,test
8530,test
1098,test
11902,test
14097,test
15209,test
9081,test
8710,test
2069,test
12716,test
8885,test
6740,test
13887,test
4206,test
8026,test
1889,test
3209,test
196,test
10174,test
5601,test
1440,test
6533,test
1003,test
7054,test
2131,test
15041,test
5827,test
15014,test
5381,test
10216,test
13126,test
4016,test
4026,test
3400,test
4805,test
12573,test
14507,test
6935,test
3977,test
3047,test
10399,test
4989,test
6621,test
5550,test
7595,test
2032,test
9944,test
656,test
8545,test
6043,test
842,test
8254,test
6076,test
706,test
6864,test
9163,test
2918,test
4334,test
5563,test
9124,test
362,test
14677,test
12064,test
2855,test
3382,test
15255,test
5874,test
8870,test
8826,test
13676,test
10913,test
2815,test
14970,test
11134,test
4881,test
10871,test
1719,test
14298,test
6886,test
13854,test
5487,test
12021,test
7351,test
11645,test
7759,test
10765,test
12683,test
8983,test
8170,test
11492,test
6339,test
8493,test
5483,test
6453,test
4199,test
7066,test
3280,test
3581,test
1145,test
14245,test
15189,test
13631,test
1387,test
8537,test
391,test
9103,test
11551,test
514,test
7917,test
8876,test
6073,test
13312,test
8132,test
5747,test
8875,test
11172,test
8080,test
14409,test
3804,test
1797,test
25,test
4010,test
12222,test
3077,test
10556,test
11119,test
4023,test
10654,test
6424,test
3462,test
8575,test
10652,test
194,test
12096,test
4862,test
8534,test
10518,test
8792,test
13444,test
10347,test
12804,test
11881,test
10287,test
6989,test
14801,test
6609,test
8648,test
2767,test
8384,test
4967,test
769,test
2814,test
2666,test
4129,test
4491,test
14391,test
296,test
12125,test
13593,test
9379,test
2780,test
10564,test
1570,test
10561,test
201,test
8346,test
13823,test
6698,test
13455,test
10544,test
10524,test
1520,test
14140,test
14415,test
11364,test
9234,test
15169,test
6337,test
7085,test
75,test
14525,test
7601,test
10229,test
9668,test
3449,test
14813,test
12529,test
919,test
14867,test
10411,test
8916,test
1565,test
220,test
8602,test
4955,test
3815,test
12144,test
157,test
7329,test
2726,test
5824,test
448,test
14977,test
10809,test
10975,test
1156,test
1604,test
4395,test
435,test
13731,test
2511,test
3004,test
206,test
4720,test
6972,test
6738,test
4806,test
3773,test
14565,test
13030,test
6914,test
4754,test
10576,test
8757,test
415,test
12849,test
14482,test
6723,test
11896,test
13487,test
4893,test
2932,test
10446,test
4858,test
5615,test
2927,test
5503,test
6722,test
3364,test
8630,test
11058,test
13299,test
2082,test
7922,test
15192,test
6284,test
3095,test
7928,test
13347,test
6464,test
6236,test
9435,test
642,test
14875,test
9153,test
1794,test
14168,test
1967,test
8258,test
6405,test
996,test
1915,test
3050,test
13581,test
14731,test
10219,test
9287,test
2782,test
2648,test
10693,test
4778,test
12143,test
8366,test
8548,test
6810,test
4620,test
5400,test
10722,test
9780,test
7959,test
9438,test
6045,test
12871,test
6404,test
7937,test
11311,test
1174,test
7802,test
6803,test
14220,test
12824,test
420,test
6319,test
9536,test
5979,test
2941,test
916,test
3940,test
15364,test
3932,test
8077,test
11170,test
5533,test
14717,test
244,test
600,test
11922,test
4716,test
6867,test
1274,test
3408,test
3159,test
10075,test
3189,test
755,test
4592,test
9790,test
10916,test
12691,test
4752,test
13297,test
14645,test
10035,test
15114,test
13292,test
2662,test
11506,test
6143,test
15351,test
10934,test
14207,test
4145,test
2738,test
14246,test
14784,test
2571,test
11538,test
2074,test
7911,test
10874,test
6512,test
7252,test
1975,test
5024,test
1054,test
6677,test
12990,test
7491,test
8042,test
57,test
1983,test
14197,test
8190,test
9123,test
5936,test
2192,test
13508,test
8706,test
7057,test
12652,test
7276,test
11042,test
205,test
6430,test
14023,test
6547,test
5448,test
148,test
7611,test
10944,test
9547,test
12881,test
3195,test
13743,test
14456,test
11986,test
14504,test
11211,test
6299,test
14125,test
8819,test
5358,test
2330,test
6729,test
7577,test
13829,test
1787,test
3249,test
6667,test
3124,test
5605,test
12405,test
14588,test
301,test
14325,test
245,test
14956,test
13881,test
6806,test
8260,test
11452,test
9740,test
6750,test
3469,test
13036,test
12450,test
13327,test
2632,test
11869,test
15263,test
9963,test
12906,test
10922,test
4712,test
8748,test
124,test
10749,test
9675,test
7002,test
8627,test
13013,test
1220,test
3455,test
13053,test
2858,test
1582,test
12517,test
2418,test
4446,test
14702,test
14081,test
12079,test
2266,test
4652,test
1551,test
13802,test
7656,test
11070,test
3390,test
13124,test
1150,test
2484,test
6205,test
10545,test
14710,test
9700,test
14621,test
13159,test
11589,test
2553,test
14004,test
12182,test
7044,test
13029,test
3888,test
8786,test
5716,test
13930,test
6572,test
1208,test
14642,test
11625,test
11032,test
8685,test
14277,test
7908,test
14249,test
11732,test
8955,test
4561,test
6422,test
10680,test
2249,test
944,test
99,test
3729,test
14524,test
6849,test
365,test
3881,test
998,test
15342,test
11901,test
13764,test
863,test
11605,test
9354,test
6157,test
12184,test
7861,test
1192,test
8617,test
4746,test
10418,test
9145,test
12474,test
1510,test
12737,test
8308,test
4069,test
7653,test
8779,test
11231,test
5746,test
377,test
10647,test
3316,test
7839,test
1430,test
1061,test
9331,test
1330,test
5399,test
5621,test
1795,test
9991,test
4761,test
14302,test
10005,test
5407,test
7794,test
5568,test
1035,test
6826,test
13683,test
9562,test
2217,test
1626,test
7245,test
11423,test
15306,test
9075,test
14304,test
10159,test
11174,test
10095,test
1999,test
3812,test
1417,test
4614,test
3201,test
7317,test
932,test
1394,test
7112,test
10848,test
1647,test
15035,test
5133,test
12770,test
3612,test
3584,test
15415,test
11189,test
3763,test
12362,test
4898,test
5107,test
2193,test
11416,test
1304,test
9815,test
14217,test
10490,test
14289,test
1837,test
11542,test
2733,test
1982,test
15199,test
1972,test
12941,test
14092,test
12000,test
1559,test
12535,test
3496,test
453,test
12752,test
9078,test
5547,test
1900,test
7867,test
11297,test
10415,test
12988,test
6828,test
4004,test
9384,test
8528,test
14582,test
13328,test
2775,test
6622,test
5132,test
4885,test
8871,test
1818,test
11284,test
9717,test
15347,test
1682,test
10888,test
9672,test
992,test
15078,test
5983,test
6974,test
9248,test
3689,test
6696,test
7870,test
1541,test
14283,test
7733,test
2521,test
8159,test
10101,test
1479,test
12839,test
11473,test
9001,test
14966,test
12973,test
6564,test
12239,test
8527,test
380,test
10273,test
649,test
10707,test
9685,test
5812,test
12002,test
15272,test
11441,test
2187,test
5116,test
7593,test
4565,test
2255,test
11575,test
1970,test
5535,test
3040,test
11525,test
6693,test
11195,test
8753,test
6813,test
11074,test
1010,test
12682,test
4141,test
10730,test
14798,test
11048,test
722,test
8579,test
6215,test
13592,test
14501,test
2293,test
3525,test
10248,test
11692,test
14047,test
2031,test
3387,test
9469,test
14054,test
7448,test
3957,test
6471,test
11992,test
13017,test
6111,test
4503,test
6599,test
6086,test
3269,test
2905,test
936,test
2491,test
12168,test
1932,test
8227,test
11034,test
12111,test
8721,test
5281,test
11596,test
733,test
3974,test
13097,test
7975,test
12999,test
2976,test
7596,test
10753,test
2403,test
12485,test
3291,test
4573,test
5515,test
11705,test
14822,test
9508,test
13140,test
7582,test
2993,test
4456,test
8245,test
12674,test
2920,test
3561,test
5051,test
6875,test
5775,test
10796,test
6341,test
5,test
13052,test
4354,test
14862,test
9763,test
4811,test
13368,test
14127,test
2843,test
15262,test
8282,test
6774,test
5938,test
10768,test
11959,test
4202,test
13663,test
569,test
4694,test
14806,test
7508,test
13963,test
9875,test
3435,test
4095,test
11544,test
12957,test
2533,test
4580,test
7694,test
7697,test
10011,test
14100,test
7262,test
11868,test
9174,test
2168,test
14648,test
6263,test
8474,test
14284,test
14263,test
7322,test
13324,test
4274,test
10421,test
7370,test
10137,test
13804,test
1128,test
8164,test
279,test
3668,test
14030,test
7558,test
2166,test
3300,test
14490,test
4995,test
14344,test
6946,test
5380,test
3071,test
8179,test
7723,test
9382,test
5791,test
13870,test
446,test
10649,test
9743,test
2564,test
5308,test
6260,test
11644,test
14461,test
1103,test
13009,test
24,test
15281,test
10063,test
1001,test
5112,test
5870,test
5951,test
4863,test
13700,test
14725,test
2416,test
4549,test
12249,test
9863,test
7501,test
4965,test
8471,test
1009,test
14238,test
7474,test
10068,test
7400,test
14178,test
10679,test
13824,test
1392,test
9497,test
12494,test
12793,test
4133,test
15115,test
15233,test
6183,test
6688,test
911,test
4218,test
7479,test
2423,test
6523,test
2613,test
7687,test
9307,test
8904,test
9653,test
5508,test
6402,test
5081,test
1027,test
2084,test
5769,test
3710,test
13677,test
1831,test
15000,test
12417,test
6055,test
14454,test
9494,test
2596,test
2979,test
3600,test
7837,test
925,test
11057,test
15398,test
9570,test
1213,test
5958,test
7189,test
15045,test
14226,test
6018,test
2365,test
4110,test
15063,test
8232,test
9572,test
8783,test
12057,test
9284,test
4003,test
11749,test
12624,test
10572,test
9817,test
11520,test
13306,test
2028,test
3577,test
13441,test
10349,test
13078,test
12489,test
12373,test
12432,test
3996,test
2438,test
13093,test
734,test
8036,test
1808,test
7634,test
13706,test
13461,test
7055,test
13099,test
12671,test
13537,test
5429,test
4156,test
15183,test
6477,test
11089,test
4047,test
10949,test
6676,test
4247,test
5644,test
8523,test
10163,test
8219,test
8869,test
4115,test
14096,test
14205,test
2637,test
14568,test
7485,test
2288,test
13846,test
5528,test
12122,test
565,test
6719,test
11818,test
1704,test
9826,test
8377,test
10070,test
4867,test
12902,test
3393,test
10175,test
3959,test
4933,test
5787,test
164,test
10424,test
1477,test
7288,test
13950,test
15212,test
8019,test
13611,test
692,test
12265,test
14793,test
3847,test
11773,test
9139,test
14610,test
489,test
14007,test
15104,test
14380,test
823,test
12641,test
8520,test
11672,test
13859,test
4183,test
1810,test
8331,test
536,test
6481,test
11471,test
2308,test
10395,test
12059,test
6488,test
1021,test
209,test
14753,test
9314,test
920,test
12932,test
6206,test
5705,test
5538,test
12425,test
14508,test
10485,test
8944,test
3375,test
1689,test
7271,test
5134,test
12961,test
3594,test
6174,test
4555,test
14489,test
5276,test
6819,test
10212,test
3807,test
12216,test
3241,test
10329,test
4972,test
3972,test
10606,test
8929,test
12669,test
1722,test
9702,test
2786,test
13122,test
1757,test
13995,test
15067,test
9399,test
10716,test
14643,test
677,test
14065,test
12549,test
14137,test
12905,test
9777,test
10093,test
6478,test
14003,test
5612,test
12232,test
2310,test
12458,test
5163,test
8356,test
10024,test
3920,test
3506,test
466,test
13258,test
1212,test
14687,test
885,test
12635,test
967,test
10675,test
9186,test
6927,test
8400,test
14293,test
6015,test
11183,test
12724,test
14809,test
2704,test
5756,test
9799,test
14668,test
9718,test
8125,test
14307,test
13219,test
10121,test
7477,test
7747,test
10127,test
4587,test
10105,test
5339,test
9125,test
9546,test
3440,test
12204,test
13741,test
5126,test
8237,test
7581,test
11366,test
7550,test
11630,test
6170,test
5669,test
838,test
7204,test
14363,test
6413,test
10392,test
8543,test
7166,test
4733,test
5351,test
5104,test
6999,test
12116,test
12945,test
6985,test
4545,test
1490,test
9919,test
14478,test
10853,test
1947,test
7504,test
11221,test
10451,test
6901,test
11433,test
9808,test
1454,test
8918,test
1131,test
7546,test
6855,test
10223,test
15375,test
8760,test
8437,test
8340,test
13083,test
3944,test
6156,test
14654,test
4238,test
1703,test
4396,test
13311,test
7974,test
2312,test
96,test
4504,test
9444,test
5034,test
5475,test
1446,test
10480,test
10945,test
8435,test
6343,test
3873,test
14766,test
5175,test
4749,test
5207,test
12509,test
10430,test
15237,test
1663,test
2933,test
1632,test
15084,test
4734,test
8462,test
8403,test
7389,test
315,test
3188,test
10238,test
10193,test
13573,test
14574,test
7361,test
9171,test
11179,test
1766,test
10661,test
2812,test
10478,test
4910,test
12898,test
4181,test
11403,test
13693,test
8333,test
6762,test
11020,test
1489,test
14493,test
13545,test
5829,test
14411,test
15335,test
2325,test
11009,test
9272,test
12327,test
1292,test
3495,test
10440,test
1954,test
3178,test
15320,test
14113,test
743,test
14852,test
13026,test
12051,test
15016,test
3893,test
14571,test
13858,test
5391,test
14009,test
6087,test
10215,test
12049,test
2065,test
8540,test
12643,test
7128,test
7101,test
13560,test
254,test
2906,test
11125,test
13346,test
9723,test
5986,test
8343,test
14029,test
1875,test
13665,test
2552,test
11128,test
8533,test
9309,test
3787,test
11149,test
14318,test
8997,test
1318,test
10775,test
11750,test
7698,test
2462,test
7932,test
9684,test
11857,test
13027,test
5701,test
9755,test
3118,test
873,test
4974,test
3357,test
9952,test
5970,test
7522,test
10550,test
3697,test
3169,test
8449,test
12188,test
6986,test
7009,test
14554,test
9847,test
10429,test
12371,test
10861,test
9419,test
3420,test
11252,test
2346,test
1275,test
13726,test
12577,test
11967,test
9203,test
10459,test
6047,test
10718,test
3519,test
13473,test
11834,test
11743,test
3558,test
12869,test
7823,test
14321,test
3995,test
3631,test
1951,test
5375,test
13265,test
2999,test
14280,test
2111,test
13815,test
13878,test
8848,test
2494,test
1143,test
12391,test
2290,test
9590,test
8216,test
4708,test
12587,test
2669,test
3757,test
12543,test
15388,test
5296,test
12773,test
7052,test
14720,test
9147,test
4393,test
11129,test
13049,test
10510,test
12952,test
8391,test
283,test
7492,test
11684,test
139,test
2154,test
5458,test
767,test
9829,test
9781,test
3664,test
3592,test
14897,test
13163,test
14587,test
251,test
552,test
4196,test
7373,test
2208,test
7936,test
15390,test
11118,test
3202,test
15149,test
9973,test
1357,test
13983,test
9194,test
10695,test
7642,test
9173,test
9602,test
7664,test
12785,test
15093,test
3358,test
14437,test
8086,test
8676,test
5960,test
9525,test
865,test
218,test
11623,test
5978,test
12243,test
14082,test
11873,test
4374,test
11756,test
1426,test
2072,test
2621,test
6710,test
7803,test
6229,test
5307,test
7386,test
3984,test
10980,test
2652,test
11133,test
4554,test
3377,test
10849,test
9133,test
12164,test
3523,test
5311,test
15125,test
1607,test
5919,test
12870,test
13182,test
11939,test
6587,test
302,test
3550,test
7863,test
13068,test
2675,test
3422,test
6457,test
11446,test
4175,test
4649,test
5777,test
5020,test
596,test
2276,test
12534,test
12246,test
7157,test
13010,test
15314,test
7868,test
2230,test
10054,test
12740,test
7663,test
2377,test
1370,test
8679,test
3450,test
4058,test
2270,test
12341,test
213,test
10234,test
10774,test
5040,test
8201,test
13623,test
15142,test
14394,test
14182,test
1878,test
6392,test
5159,test
4760,test
1924,test
11396,test
253,test
9131,test
6785,test
9108,test
9715,test
5843,test
5118,test
3836,test
7688,test
13749,test
2408,test
9365,test
2899,test
2043,test
4838,test
13344,test
12713,test
5866,test
5688,test
2281,test
650,test
13091,test
1784,test
5603,test
9866,test
9004,test
9046,test
14526,test
11407,test
11573,test
14492,test
11844,test
4642,test
6764,test
8425,test
10903,test
5273,test
14750,test
1524,test
1928,test
14874,test
7003,test
13431,test
2427,test
3255,test
5543,test
5111,test
1750,test
14036,test
13718,test
12087,test
5879,test
7205,test
1631,test
10566,test
13183,test
9467,test
10293,test
11840,test
14722,test
5925,test
7931,test
4165,test
4870,test
5105,test
9720,test
5064,test
10869,test
8798,test
11029,test
10548,test
2068,test
7665,test
12828,test
9532,test
11157,test
8189,test
11154,test
4934,test
10205,test
14729,test
11326,test
14027,test
119,test
14025,test
14358,test
12147,test
14310,test
7467,test
6902,test
3553,test
5604,test
6298,test
12997,test
13576,test
3732,test
9762,test
1427,test
10150,test
11866,test
12461,test
6766,test
7180,test
6403,test
9442,test
7597,test
11476,test
13853,test
12992,test
6163,test
5619,test
7836,test
2127,test
3799,test
13531,test
3068,test
3667,test
13076,test
3849,test
4942,test
615,test
13314,test
389,test
6530,test
6588,test
6519,test
11993,test
5482,test
8922,test
4791,test
3696,test
13277,test
4492,test
11159,test
9381,test
14372,test
2016,test
311,test
471,test
3706,test
13388,test
6191,test
3448,test
1480,test
14233,test
2624,test
7181,test
1259,test
4780,test
10022,test
12132,test
2449,test
13119,test
5148,test
9929,test
14407,test
2460,test
1957,test
2849,test
478,test
2894,test
6196,test
6219,test
7103,test
1902,test
4495,test
1057,test
2060,test
13267,test
3602,test
9979,test
11906,test
10330,test
5048,test
9618,test
11917,test
14311,test
1488,test
3629,test
2985,test
2388,test
13264,test
2443,test
5451,test
364,test
5190,test
6913,test
8931,test
5657,test
4108,test
14195,test
10437,test
1874,test
10914,test
92,test
719,test
7638,test
1367,test
883,test
7046,test
14064,test
5596,test
2536,test
1441,test
441,test
2105,test
5188,test
13211,test
7176,test
6445,test
8923,test
13904,test
1811,test
13494,test
15018,test
9519,test
7218,test
14550,test
6744,test
15135,test
3658,test
14376,test
4695,test
2928,test
14933,test
14667,test
2631,test
3570,test
2173,test
1475,test
11167,test
5857,test
1589,test
14201,test
10895,test
9736,test
8838,test
11303,test
4807,test
11318,test
1635,test
9810,test
6707,test
1745,test
11415,test
8788,test
11380,test
14403,test
2742,test
8359,test
15345,test
9003,test
8139,test
2716,test
255,test
4684,test
12209,test
11831,test
3184,test
1578,test
707,test
11616,test
14781,test
9714,test
13463,test
3671,test
7893,test
11468,test
848,test
9855,test
11841,test
13606,test
7681,test
7018,test
14357,test
2732,test
8586,test
4438,test
10080,test
3305,test
9176,test
3302,test
6350,test
11768,test
10981,test
4024,test
6801,test
7241,test
7670,test
8704,test
4873,test
4837,test
10297,test
11245,test
11455,test
7398,test
9498,test
11002,test
2707,test
9256,test
1288,test
1141,test
4892,test
8208,test
3649,test
3250,test
6709,test
3290,test
4096,test
6070,test
765,test
6309,test
1780,test
7482,test
12564,test
12854,test
2475,test
7121,test
12041,test
13229,test
736,test
1295,test
10785,test
3531,test
10915,test
8315,test
2145,test
9258,test
155,test
2678,test
13108,test
9460,test
9611,test
4465,test
8431,test
3029,test
13132,test
4559,test
9719,test
9639,test
561,test
6444,test
599,test
8076,test
13149,test
7036,test
9654,test
10690,test
9160,test
5600,test
77,test
2349,test
5516,test
8682,test
13343,test
12180,test
2315,test
13785,test
4489,test
4517,test
9461,test
8538,test
4961,test
824,test
9992,test
9504,test
12077,test
10668,test
12729,test
15097,test
11513,test
2355,test
10151,test
4020,test
5534,test
12319,test
4256,test
5966,test
5714,test
9499,test
7600,test
15376,test
14609,test
6497,test
13450,test
12463,test
8547,test
10183,test
13724,test
4000,test
9982,test
7067,test
1173,test
7114,test
2314,test
2075,test
15070,test
12106,test
13563,test
7934,test
5906,test
6300,test
14235,test
13206,test
15257,test
1356,test
3925,test
3395,test
8041,test
12715,test
985,test
7455,test
11681,test
8118,test
9449,test
15249,test
10474,test
3630,test
10963,test
10542,test
6860,test
9334,test
15384,test
330,test
3470,test
12028,test
8094,test
6583,test
7668,test
4352,test
3367,test
7726,test
10725,test
12545,test
9649,test
2240,test
7629,test
3464,test
13709,test
104,test
5213,test
8341,test
7657,test
5665,test
832,test
13551,test
5996,test
4846,test
3034,test
5184,test
7308,test
3564,test
14335,test
9014,test
14176,test
9682,test
6189,test
994,test
1456,test
7962,test
4584,test
14570,test
13147,test
7587,test
13738,test
11347,test
9915,test
8830,test
15339,test
8183,test
11222,test
10417,test
11572,test
15032,test
11930,test
204,test
8393,test
13896,test
2971,test
13276,test
5316,test
2489,test
13418,test
10294,test
6415,test
11072,test
12248,test
15218,test
11010,test
7745,test
8512,test
5799,test
14412,test
9786,test
3481,test
8402,test
12936,test
14020,test
7792,test
6732,test
3233,test
12935,test
6371,test
14951,test
5238,test
1391,test
4467,test
12670,test
12602,test
13,test
12645,test
9701,test
676,test
10815,test
5726,test
654,test
1482,test
11504,test
3397,test
1017,test
8804,test
14167,test
14767,test
8429,test
12530,test
8768,test
12714,test
12165,test
7658,test
2766,test
15323,test
2147,test
12859,test
2537,test
7819,test
424,test
15048,test
11846,test
11206,test
8535,test
8736,test
10568,test
63,test
14818,test
6330,test
2598,test
5413,test
11752,test
3948,test
1681,test
1007,test
8746,test
11052,test
11776,test
13798,test
2603,test
5345,test
2880,test
3954,test
15111,test
2303,test
11858,test
940,test
1161,test
7881,test
10883,test
7799,test
8173,test
9688,test
14800,test
7891,test
10578,test
4669,test
8615,test
4195,test
13895,test
4939,test
550,test
3273,test
10103,test
11238,test
11839,test
10029,test
6376,test
7905,test
6548,test
6125,test
405,test
3127,test
9956,test
7671,test
12625,test
11359,test
11190,test
5206,test
4085,test
7992,test
1319,test
4105,test
8576,test
7001,test
11961,test
1439,test
6977,test
1338,test
2104,test
5085,test
8115,test
7559,test
9388,test
295,test
4190,test
11779,test
15366,test
6629,test
13510,test
989,test
9266,test
4859,test
4735,test
10569,test
1101,test
5143,test
6983,test
7096,test
2694,test
81,test
11686,test
8064,test
15341,test
7005,test
13598,test
15075,test
15017,test
10586,test
158,test
7711,test
8252,test
3922,test
8205,test
11039,test
12345,test
7502,test
10988,test
3176,test
12133,test
12200,test
14468,test
4600,test
11277,test
15193,test
8166,test
8421,test
6241,test
7027,test
3758,test
14669,test
288,test
4740,test
290,test
6657,test
12615,test
13834,test
4057,test
2990,test
11852,test
12256,test
174,test
5086,test
2333,test
5676,test
11100,test
2698,test
14783,test
8028,test
9235,test
10812,test
7519,test
1286,test
2357,test
1502,test
13426,test
2216,test
13525,test
4803,test
12829,test
9366,test
12010,test
9707,test
233,test
11955,test
6068,test
11923,test
995,test
5218,test
11044,test
1317,test
11243,test
11325,test
3327,test
367,test
4526,test
9076,test
13929,test
11624,test
2135,test
10804,test
962,test
4542,test
13348,test
4597,test
4469,test
3693,test
13974,test
5928,test
2375,test
5718,test
6131,test
1800,test
13809,test
8743,test
7683,test
14332,test
15168,test
12210,test
3166,test
11949,test
13150,test
4313,test
12155,test
4301,test
11107,test
413,test
7077,test
2238,test
9027,test
15160,test
9236,test
12353,test
3895,test
1281,test
10935,test
613,test
949,test
2500,test
10938,test
7535,test
6763,test
3503,test
6150,test
8671,test
8986,test
14754,test
10940,test
5463,test
14240,test
6273,test
15176,test
1365,test
8363,test
5127,test
7084,test
4014,test
9774,test
3740,test
11735,test
14417,test
3834,test
9744,test
9437,test
5584,test
10132,test
12614,test
2842,test
5712,test
778,test
10311,test
5227,test
9017,test
6942,test
6017,test
3074,test
6072,test
14711,test
2946,test
664,test
3099,test
14854,test
13435,test
2769,test
10298,test
8408,test
14267,test
15220,test
2039,test
1504,test
13067,test
14374,test
10197,test
6268,test
3471,test
11248,test
12343,test
1971,test
1899,test
4802,test
7612,test
6000,test
5768,test
9511,test
12613,test
14460,test
4039,test
2730,test
10486,test
9586,test
2958,test
3614,test
2972,test
10106,test
4139,test
5932,test
4240,test
392,test
14696,test
10253,test
6812,test
7035,test
9960,test
15276,test
13123,test
8172,test
15385,test
1191,test
2221,test
14916,test
2978,test
14327,test
3682,test
11148,test
1340,test
15400,test
5387,test
7622,test
13502,test
5472,test
151,test
9403,test
5659,test
909,test
1133,test
506,test
4131,test
7125,test
4744,test
1405,test
2117,test
3012,test
2211,test
5786,test
1938,test
9894,test
3354,test
3023,test
125,test
7798,test
1331,test
12163,test
4739,test
7258,test
1655,test
7341,test
243,test
6245,test
421,test
14979,test
3851,test
3005,test
4460,test
2841,test
13111,test
4556,test
8059,test
1720,test
2007,test
13427,test
1937,test
14342,test
5071,test
3858,test
13922,test
12311,test
9834,test
15058,test
1255,test
13524,test
8495,test
15003,test
4626,test
5244,test
9551,test
10225,test
8206,test
5723,test
3892,test
9414,test
8824,test
2353,test
7506,test
13943,test
222,test
13618,test
2539,test
9617,test
3624,test
10670,test
5327,test
7690,test
2743,test
12982,test
3786,test
3436,test
11537,test
14068,test
3620,test
10432,test
7993,test
1097,test
1806,test
13796,test
9559,test
8499,test
7222,test
11162,test
7626,test
8551,test
10549,test
8137,test
5793,test
488,test
1762,test
3747,test
12412,test
12179,test
6372,test
977,test
5808,test
10410,test
8636,test
9159,test
8093,test
6056,test
6379,test
12332,test
7639,test
2163,test
10977,test
6929,test
12298,test
9132,test
1628,test
950,test
10525,test
8731,test
14091,test
8310,test
12300,test
7291,test
11502,test
14913,test
5243,test
11236,test
13791,test
1308,test
14010,test
12284,test
6608,test
4225,test
10612,test
15368,test
11810,test
370,test
15389,test
4524,test
1042,test
1660,test
2921,test
13194,test
8424,test
9351,test
12649,test
419,test
3399,test
4310,test
142,test
1244,test
4810,test
12808,test
8302,test
3256,test
7111,test
5250,test
10841,test
6485,test
8070,test
13054,test
14795,test
13434,test
7420,test
3271,test
9148,test
11977,test
15122,test
6173,test
12440,test
7147,test
11421,test
8332,test
13170,test
3535,test
12023,test
11239,test
12230,test
7433,test
1788,test
7968,test
10760,test
2600,test
6036,test
12694,test
4363,test
9179,test
576,test
5821,test
13597,test
10339,test
10533,test
5742,test
11322,test
11388,test
12872,test
2191,test
15054,test
9943,test
7113,test
1267,test
6923,test
6326,test
10857,test
7983,test
13710,test
11436,test
12944,test
2748,test
4872,test
12175,test
6,test
12601,test
12307,test
13571,test
11710,test
5230,test
2773,test
12022,test
3456,test
15240,test
3467,test
13187,test
13777,test
10955,test
2380,test
10834,test
3394,test
6683,test
1906,test
1399,test
4036,test
4505,test
6448,test
6721,test
12403,test
10139,test
6411,test
3522,test
3780,test
12045,test
12434,test
11850,test
2544,test
11467,test
2134,test
9870,test
14861,test
10754,test
4632,test
8062,test
3137,test
10403,test
12831,test
539,test
13261,test
14202,test
8024,test
14014,test
10710,test
708,test
1742,test
13627,test
7523,test
4767,test
1374,test
1029,test
6003,test
12608,test
14876,test
13162,test
8687,test
990,test
14578,test
6661,test
11300,test
4506,test
8374,test
11098,test
12706,test
14146,test
14811,test
7210,test
8446,test
7473,test
2585,test
525,test
135,test
3445,test
1225,test
5541,test
4783,test
6895,test
1602,test
326,test
8285,test
5228,test
11882,test
8650,test
5850,test
13605,test
1585,test
4970,test
1226,test
6854,test
7945,test
12250,test
1476,test
169,test
13112,test
12101,test
681,test
13280,test
12192,test
2094,test
2113,test
3910,test
13104,test
9,test
10705,test
1887,test
12985,test
2241,test
5485,test
826,test
7041,test
14691,test
4775,test
9369,test
7775,test
6897,test
6290,test
3971,test
2287,test
14118,test
3976,test
12477,test
9969,test
12986,test
1544,test
9111,test
6435,test
11988,test
14367,test
10186,test
7617,test
3267,test
6571,test
3065,test
12717,test
7264,test
2473,test
2713,test
15200,test
7648,test
14593,test
13740,test
10358,test
13177,test
3452,test
6313,test
675,test
217,test
3753,test
10306,test
8143,test
10771,test
1146,test
1336,test
9085,test
4480,test
298,test
6044,test
8486,test
13341,test
2550,test
13628,test
11826,test
6742,test
7360,test
6020,test
3978,test
13130,test
9614,test
5220,test
12109,test
14812,test
6441,test
1343,test
8411,test
14423,test
9150,test
8620,test
10367,test
14855,test
13285,test
13962,test
5204,test
13214,test
1858,test
3695,test
7981,test
15146,test
4478,test
3837,test
5431,test
4956,test
9301,test
7776,test
14556,test
7405,test
4404,test
15156,test
7239,test
13231,test
3820,test
10452,test
1753,test
13396,test
3541,test
4272,test
16,test
9946,test
852,test
10779,test
13583,test
14895,test
658,test
14990,test
5103,test
9276,test
7624,test
1867,test
10275,test
7294,test
111,test
8587,test
6400,test
10061,test
2064,test
13366,test
14495,test
14359,test
7719,test
12610,test
2362,test
1883,test
10489,test
10226,test
3019,test
8399,test
9262,test
13376,test
7493,test
825,test
11639,test
8975,test
6670,test
10355,test
11,test
6199,test
13953,test
14955,test
2295,test
9400,test
5802,test
13445,test
7179,test
11258,test
4902,test
691,test
100,test
10050,test
6022,test
3453,test
11308,test
1089,test
10322,test
5245,test
15144,test
12261,test
13204,test
6141,test
11730,test
1771,test
5306,test
2897,test
14435,test
4412,test
268,test
11447,test
305,test
11650,test
11727,test
4900,test
2825,test
11457,test
165,test
8052,test
11821,test
2326,test
11500,test
7488,test
1597,test
1537,test
14952,test
7614,test
7025,test
8351,test
9625,test
9696,test
10964,test
9526,test
7043,test
2436,test
3218,test
3243,test
11227,test
6821,test
6791,test
9299,test
3864,test
1149,test
10698,test
9747,test
11876,test
9703,test
7274,test
639,test
8209,test
15377,test
2926,test
3014,test
6061,test
13642,test
14537,test
15062,test
9011,test
4993,test
1110,test
7849,test
9520,test
11021,test
13121,test
2107,test
11256,test
11914,test
746,test
6027,test
3861,test
10937,test
5686,test
8518,test
6779,test
2048,test
625,test
12121,test
11963,test
8236,test
14400,test
11611,test
13584,test
13323,test
13977,test
11217,test
9890,test
3254,test
9735,test
14509,test
6711,test
12320,test
5764,test
3480,test
5794,test
4667,test
10130,test
4462,test
15254,test
11729,test
5849,test
14396,test
7135,test
3899,test
8752,test
2888,test
6211,test
8729,test
11989,test
230,test
11744,test
15172,test
9175,test
281,test
10575,test
12167,test
8645,test
13588,test
14362,test
9209,test
566,test
5853,test
10384,test
10218,test
5611,test
14243,test
11191,test
8558,test
542,test
1739,test
5200,test
6301,test
14397,test
3098,test
2457,test
13866,test
12378,test
4528,test
4284,test
10182,test
1890,test
5346,test
2831,test
6095,test
5179,test
15150,test
8794,test
2973,test
14777,test
12323,test
5680,test
8778,test
12964,test
14738,test
8289,test
15128,test
2504,test
3334,test
8996,test
3070,test
4741,test
2096,test
13420,test
14644,test
13256,test
3986,test
4280,test
2935,test
15307,test
9454,test
6906,test
14986,test
1297,test
2360,test
11290,test
8150,test
9007,test
6669,test
10454,test
9949,test
8247,test
737,test
2910,test
12884,test
7087,test
12019,test
8739,test
11456,test
7282,test
14902,test
12136,test
15290,test
6651,test
5988,test
11984,test
14791,test
14315,test
1807,test
80,test
8071,test
2963,test
10450,test
3413,test
12510,test
635,test
11015,test
15268,test
4986,test
1530,test
1755,test
8899,test
6504,test
2348,test
623,test
6636,test
8085,test
11187,test
971,test
7160,test
13745,test
14608,test
3008,test
1218,test
7921,test
15105,test
14128,test
9958,test
4132,test
8887,test
12268,test
10952,test
15116,test
1067,test
7679,test
3735,test
7786,test
13897,test
961,test
12447,test
12471,test
14070,test
7674,test
14141,test
1700,test
5567,test
11879,test
14748,test
6467,test
10893,test
12176,test
4063,test
12753,test
11279,test
9128,test
11991,test
14560,test
9595,test
10891,test
3883,test
2442,test
8287,test
13409,test
12193,test
11864,test
1696,test
3634,test
8818,test
12696,test
12774,test
274,test
14595,test
13480,test
1075,test
10619,test
2562,test
11264,test
7173,test
1400,test
7284,test
5738,test
3953,test
2137,test
7751,test
8708,test
1269,test
8637,test
6925,test
8487,test
9818,test
2685,test
9303,test
12581,test
14131,test
8091,test
10444,test
401,test
5396,test
2790,test
7701,test
15258,test
3154,test
9022,test
11280,test
7048,test
5924,test
4232,test
2741,test
8195,test
12317,test
7661,test
10065,test
12451,test
10155,test
5651,test
4168,test
11464,test
13849,test
12054,test
5303,test
2106,test
13338,test
3398,test
15196,test
5277,test
9034,test
9391,test
10192,test
12436,test
11274,test
13011,test
7336,test
3844,test
9302,test
6492,test
11079,test
7996,test
11781,test
4283,test
8881,test
12199,test
11161,test
13408,test
10279,test
14776,test
13468,test
4753,test
5395,test
7641,test
14296,test
2313,test
203,test
13852,test
13850,test
6384,test
4844,test
4434,test
11813,test
5767,test
14356,test
4245,test
12234,test
1137,test
12325,test
4618,test
1826,test
9788,test
10126,test
8107,test
12794,test
3660,test
837,test
8090,test
7903,test
10630,test
7525,test
1943,test
6374,test
7418,test
2714,test
6165,test
13105,test
14584,test
15395,test
15397,test
14002,test
8442,test
9006,test
10677,test
8084,test
612,test
5359,test
9805,test
12388,test
6521,test
8772,test
12914,test
14041,test
2931,test
9931,test
11331,test
2085,test
12689,test
13037,test
15177,test
10072,test
7553,test
10908,test
12291,test
6948,test
10823,test
11712,test
10617,test
11928,test
9141,test
1065,test
1339,test
7772,test
6154,test
13477,test
10665,test
4663,test
6121,test
2363,test
10534,test
5542,test
11288,test
2066,test
7445,test
13057,test
4963,test
277,test
9776,test
4128,test
386,test
745,test
13075,test
1815,test
10532,test
8653,test
1834,test
6574,test
5929,test
11905,test
8034,test
12235,test
6201,test
1257,test
2640,test
13932,test
12404,test
14905,test
146,test
5987,test
8877,test
7346,test
7410,test
14116,test
58,test
522,test
6089,test
9624,test
14015,test
2151,test
4106,test
2962,test
1230,test
10389,test
15392,test
3221,test
5455,test
3544,test
7518,test
6969,test
13998,test
5687,test
1984,test
7263,test
2067,test
6353,test
6576,test
9353,test
472,test
3891,test
5531,test
5992,test
12532,test
5923,test
13136,test
15325,test
9769,test
10055,test
13217,test
12357,test
2523,test
11940,test
7840,test
5614,test
8960,test
11583,test
12709,test
9063,test
7371,test
13906,test
14406,test
3035,test
6287,test
6568,test
15331,test
1238,test
9638,test
5811,test
560,test
6135,test
5170,test
5830,test
4914,test
7016,test
4442,test
7623,test
14436,test
11698,test
9221,test
1664,test
7736,test
11391,test
6103,test
10957,test
4158,test
3831,test
2404,test
14622,test
8390,test
10149,test
4675,test
9452,test
11709,test
10484,test
5478,test
7374,test
9430,test
1358,test
14719,test
5319,test
13941,test
5225,test
10881,test
13228,test
5251,test
1926,test
5546,test
4344,test
3724,test
13610,test
14576,test
11301,test
14988,test
9274,test
1803,test
12061,test
2663,test
3087,test
13199,test
7465,test
5362,test
14297,test
7194,test
67,test
4990,test
9891,test
11259,test
7255,test
2983,test
5265,test
7138,test
13690,test
1039,test
14320,test
1533,test
2446,test
11548,test
12730,test
12465,test
2095,test
5017,test
11153,test
2763,test
11462,test
9564,test
12700,test
10843,test
14619,test
5282,test
4705,test
4315,test
10724,test
6194,test
14820,test
14646,test
9616,test
8381,test
2334,test
14481,test
13832,test
13957,test
341,test
10422,test
1856,test
13899,test
7242,test
9030,test
6926,test
2735,test
520,test
11719,test
622,test
11030,test
103,test
8475,test
355,test
13982,test
6429,test
714,test
5640,test
7251,test
8895,test
13862,test
10683,test
1377,test
7514,test
982,test
717,test
9042,test
3500,test
14290,test
14438,test
13544,test
4290,test
9764,test
13185,test
12520,test
7669,test
12686,test
6465,test
7831,test
5822,test
6637,test
9036,test
513,test
678,test
4613,test
14124,test
4665,test
6250,test
13596,test
15336,test
7886,test
6865,test
7561,test
14012,test
4119,test
8600,test
2584,test
13158,test
8240,test
11216,test
11371,test
4581,test
9220,test
7496,test
2975,test
14553,test
6193,test
12493,test
6684,test
8317,test
13905,test
4243,test
6833,test
7469,test
2123,test
9101,test
10741,test
12086,test
11973,test
13869,test
12605,test
7468,test
10635,test
4091,test
777,test
13501,test
15405,test
10191,test
9772,test
7281,test
8316,test
14838,test
14815,test
2644,test
10833,test
12421,test
4730,test
2206,test
10717,test
1876,test
10929,test
8382,test
629,test
13912,test
9510,test
6823,test
14204,test
6388,test
5246,test
4510,test
3161,test
14422,test
893,test
5470,test
12699,test
7620,test
9529,test
13254,test
7738,test
14301,test
8215,test
13002,test
12247,test
14103,test
5452,test
11571,test
13559,test
14080,test
9297,test
3173,test
7426,test
8911,test
3930,test
3542,test
14109,test
13949,test
9819,test
1188,test
11855,test
12993,test
14158,test
6748,test
12631,test
13226,test
4176,test
4423,test
3533,test
1050,test
1204,test
11942,test
15031,test
7820,test
10196,test
8784,test
8063,test
2212,test
7153,test
2827,test
384,test
10123,test
4093,test
14278,test
10852,test
11860,test
13782,test
15047,test
8790,test
9196,test
8584,test
12910,test
9311,test
12399,test
7539,test
12965,test
9739,test
3764,test
2422,test
15207,test
7238,test
9573,test
9878,test
3779,test
7298,test
1996,test
12130,test
5262,test
9814,test
15050,test
8367,test
13821,test
1944,test
4891,test
821,test
6646,test
9182,test
5398,test
1799,test
10082,test
2352,test
1210,test
9838,test
4947,test
8361,test
12514,test
1930,test
7732,test
3720,test
12751,test
2955,test
7746,test
15012,test
150,test
8456,test
223,test
3501,test
5054,test
4079,test
6858,test
882,test
1184,test
7,test
10539,test
3465,test
11885,test
21,test
14022,test
4296,test
9251,test
1769,test
8771,test
14945,test
2204,test
12262,test
8092,test
6224,test
11696,test
3886,test
8396,test
10154,test
5962,test
11102,test
13371,test
318,test
11725,test
9954,test
11894,test
2957,test
4453,test
6528,test
12949,test
11478,test
12484,test
12798,test
13289,test
2019,test
1240,test
4200,test
14908,test
12876,test
4471,test
9167,test
4001,test
10825,test
11374,test
10912,test
11952,test
1153,test
9945,test
3000,test
8557,test
325,test
891,test
2186,test
13060,test
10699,test
14153,test
1328,test
5050,test
14255,test
10362,test
3931,test
4366,test
3414,test
14758,test
616,test
7082,test
7182,test
8434,test
4007,test
2889,test
12181,test
13727,test
12014,test
4421,test
14379,test
14523,test
10801,test
8519,test
3217,test
6932,test
4342,test
3114,test
5341,test
1692,test
14049,test
3487,test
11345,test
14953,test
2150,test
3101,test
3989,test
13800,test
11769,test
12294,test
9224,test
15265,test
1397,test
822,test
15316,test
12929,test
15324,test
12948,test
6671,test
6856,test
7939,test
9410,test
3344,test
11811,test
10283,test
10147,test
13803,test
11035,test
8116,test
5411,test
14414,test
5882,test
11691,test
13577,test
4372,test
1,test
12255,test
5137,test
10363,test
12611,test
6727,test
14401,test
8138,test
353,test
11536,test
11533,test
434,test
12946,test
4519,test
1564,test
3743,test
14368,test
12698,test
496,test
2903,test
8243,test
11823,test
3754,test
3565,test
12795,test
1857,test
2722,test
13137,test
10659,test
9044,test
3909,test
14887,test
8508,test
1347,test
5434,test
8769,test
12495,test
12466,test
13735,test
14312,test
1095,test
8073,test
12779,test
710,test
6749,test
10419,test
2667,test
1032,test
577,test
10664,test
5798,test
5075,test
7627,test
4249,test
9690,test
10808,test
6317,test
11836,test
3323,test
2703,test
6476,test
14739,test
12853,test
11387,test
11337,test
564,test
7463,test
4884,test
8888,test
3884,test
11097,test
10905,test
12976,test
5260,test
13637,test
14123,test
1752,test
646,test
15334,test
13913,test
1186,test
2529,test
4799,test
12228,test
433,test
7145,test
965,test
1656,test
9695,test
7913,test
5894,test
2040,test
3853,test
4929,test
1855,test
1401,test
5717,test
11934,test
8597,test
14074,test
13671,test
1464,test
13632,test
13558,test
5956,test
7950,test
9201,test
5428,test
4500,test
6967,test
5606,test
4377,test
14626,test
1994,test
5289,test
9190,test
3285,test
9731,test
1381,test
3678,test
7598,test
6226,test
6656,test
172,test
14387,test
7137,test
13813,test
6475,test
10610,test
3017,test
12693,test
14306,test
14224,test
10104,test
12075,test
7347,test
13319,test
11043,test
8303,test
10620,test
9330,test
14420,test
5818,test
5931,test
6728,test
8836,test
2062,test
5224,test
2577,test
11791,test
3616,test
13830,test
1062,test
7942,test
15166,test
11230,test
1636,test
1487,test
5320,test
2517,test
10880,test
7887,test
4686,test
10302,test
3158,test
928,test
4260,test
10031,test
3002,test
9692,test
10864,test
6739,test
15317,test
7860,test
3885,test
3339,test
12603,test
3928,test
1706,test
14177,test
9784,test
13072,test
10639,test
11220,test
1549,test
585,test
2493,test
15147,test
14605,test
10763,test
10933,test
10818,test
9459,test
8730,test
2864,test
9620,test
4575,test
1249,test
3687,test
3578,test
9205,test
11789,test
7551,test
7287,test
11919,test
14665,test
12766,test
170,test
2156,test
735,test
1048,test
5464,test
12151,test
14957,test
7940,test
11702,test
8886,test
6715,test
6328,test
5343,test
7500,test
1491,test
4894,test
411,test
11557,test
11528,test
14112,test
4534,test
6021,test
13356,test
14021,test
8995,test
9648,test
9537,test
12966,test
2527,test
12496,test
3222,test
5493,test
10337,test
2924,test
1165,test
13651,test
11824,test
12570,test
2453,test
7424,test
6118,test
11041,test
15181,test
1763,test
10369,test
5059,test
5447,test
7211,test
8594,test
2576,test
11353,test
4831,test
9219,test
5430,test
7168,test
5279,test
10473,test
15386,test
887,test
14885,test
12554,test
14471,test
5719,test
10708,test
14527,test
9710,test
7865,test
6554,test
6014,test
12408,test
12407,test
11494,test
14510,test
7010,test
5189,test
2311,test
2588,test
6214,test
14398,test
8126,test
12418,test
11145,test
13968,test
5185,test
4075,test
4982,test
11008,test
592,test
9093,test
8225,test
12372,test
751,test
11943,test
3839,test
1064,test
10886,test
2524,test
12280,test
8732,test
6366,test
5423,test
6416,test
6177,test
5788,test
2639,test
3037,test
9002,test
740,test
8719,test
4267,test
10462,test
4808,test
9793,test
13129,test
14743,test
2396,test
6623,test
1829,test
9635,test
747,test
14343,test
5814,test
6714,test
14882,test
4160,test
9673,test
8655,test
12591,test
1120,test
7078,test
3361,test
3998,test
8477,test
13242,test
1329,test
1066,test
4830,test
10387,test
10987,test
3969,test
2655,test
12983,test
4978,test
2866,test
13041,test
14473,test
11679,test
5858,test
10910,test
7246,test
841,test
5360,test
5595,test
9255,test
4193,test
12347,test
7080,test
10436,test
7007,test
15133,test
7898,test
11736,test
5313,test
6850,test
9535,test
1649,test
6397,test
10089,test
10917,test
8000,test
7529,test
3967,test
6180,test
7372,test
12475,test
2292,test
2210,test
